Nr;Art;Mag;KBN;Nazwa art. 1;Nr fabr;Nazwa art. 2;L/B;StanDost;Wart;OstRez;Dost;NrProc;Suf;Poz;TOK;CDS;MA Erf.;
1;5;130;#MEI0;WODOMIERZ AQUARIUS 2,5 R100/40 DN15;M00012;L=110MM;;63.000;;1160708;MELE01;14217945;1;4000;STE;SCE;03513;
2;5;130;#MEI0;CIEPŁOMIERZ MULTICAL MC402 Q=0,6M3/H;402WXXXXX1236PG;L=110MM MONTOWANY NA POWROCIE;;60.000;;1160708;MELE01;14217945;1;5000;STE;SCE;03513;
3;5;130;#MEI0;CIEPŁOMIERZ MULTICAL MC402 Q=1,5M3/H;402WXXXXX4236PG;L=110MM MONTOWANY NA POWROCIE;;3.000;;1160708;MELE01;14217945;1;6000;STE;SCE;03513;
4;5;130;#WAVA;RURA ST RC WODA SDR11 DN40X3.7 (100M);WAVHA;UWAGA-KALK.OD C.ZAKUPU WPISZ KOD;;190.000;;1160817;WABU01;14229148;1;1000;SH2;SHA;03630;
5;5;130;UPCKT315BE;TRÓJNIK PVC KANALIZACYJNY 315x160/87°ZEW;23325;.;B;1.000;;1150924;MALI01;14138813;1;1000;SH2;SHA;03630;
6;5;130;#FNS;WŁAZ KANAŁOWY D400 Z WENTYLACJĄ;89480121;Z WYPEŁNIENIEM BETONOWYM DN680;;5.000;;1160722;FAKO01;14142039;1;1000;SH2;SHB;03511;
7;5;130;#FNS;WŁAZ KANAŁOWY D400 BEZ WENTYLACJI;8948551;Z WYPEŁNIENIEM BETONOWYM DN680 Z ZAB.;;10.000;;1151012;FAKO01;14142039;1;2000;SH2;SHB;03511;
8;5;130;#FNS;POKRYWA WŁAZU D400 BEZ WENTYLACJI;8948551P;BETON DN680;;40.000;;1151012;FAKO01;14142039;1;5000;SH2;SHB;03511;
9;5;130;#FNS;POKRYWA WŁAZU D400 BEZ WENTYLACJI;8947551P;ŻELIWO DN680;;20.000;;1160722;FAKO01;14142039;1;6000;SH2;SHB;03511;
10;5;130;#FNS;PALETA DREWNIANA;FNS;UWAGA-KALK.OD C.ZAKUPU WPISZ KOD;;25.000;;1160816;FAKO01;14142039;1;9000;SH2;SHB;03511;
11;5;130;#AVKAB;HYDRANT NADZIEMNY  ZABEZPIECZENIE;84-080-93-31101010;84/93-N7 DN80 RD1250;;1.000;;1160225;AVPN01;14182030;1;45000;SH2;SHA;03630;
12;5;130;JFHN800408125;HYDRANT NADZIEMNY DN80 RD=1250MM;8004008022;ŁAMANY POJ. ZAMK. NR KAT. 8004 GGG40;L;4.000;;1160518;JAJA01;14204743;1;33000;SH2;SHA;03630;
13;5;130;JFPALETA;PALETA 1200x800;PALETA;;L;1.000;;1160518;JAJA01;14204743;1;52000;SH2;SHA;03630;
14;5;130;JFPRZEKLADKAL;PRZEKŁADKA ŁADUNKOWA - DYBY DO HYDRANTÓW;PRZEKLADKAL;;L;2.000;;1160518;JAJA01;14204743;1;53000;SH2;SHA;03630;
15;5;130;GEMSCRU19457;RURA 42x1,5 OCYNKOWANA DWUSTRONNIE 6M;19457;C-STAHL MAPRESS STAL WĘGLOWA WIĄZKA 30M;L;108.000;;1160620;GEWA01;14210668;1;2000;STC;SCC;03510;
16;5;130;KGBDKOD;KONSTRUKCJA OCHRONNA Z DREWNA;KGBKOD;;L;5.000;;1160707;KEHA04;14218579;1;19000;SH2;SHA;03630;
17;5;130;KGBDSM1;SMAR KERAMO 1KG;KGSM1KG;;L;3.000;;1160707;KEHA04;14218579;1;20000;SH2;SHA;03630;
18;5;130;UPCKRL400SD;RURA PVC KANALIZACYJNA 400x3000 LITA SN8;226028;(S);B;3.000;;1160708;MALI01;14219811;1;1000;SH2;SHA;03631;
19;5;130;UPCKR250NC;RURA PVC KANALIZACYJNA 250x2000 ZEW SN4;24020;(N);B;3.000;;1161024;MALI01;14252245;1;1000;STC;SCC;03510;
20;5;130;UPCKR250ND;RURA PVC KANALIZACYJNA 250x3000 ZEW SN4;24023;(N);B;4.000;;1161024;MALI01;14252245;1;2000;STC;SCC;03510;
21;5;130;#YYI;RUSZT PŁYTOWY 307*312*40 DO ODWODNIENIA;;LINIOWEGO NIERDZ.OL170 AISI304;;4.000;;1161216;KBKR01;14264765;1;3000;STE;SCE;03513;
22;5;130;#YYI;RUSZT PŁYTOWY 127*1000*30 DO ODWODNIENIA;;LINIOWEGO NIERDZ.OL170 AISI304;;49.000;;1161216;KBKR01;14264765;1;4000;STE;SCE;03513;
23;5;130;#YYI;RUSZT PŁYTOWY 127*805*30 DO ODWODNIENIA;;LINIOWEGO NIERDZ.OL170 AISI304;;4.000;;1161216;KBKR01;14264765;1;5000;STE;SCE;03513;
24;5;130;#YYI;RUSZT PŁYTOWY 127*580*30 DO ODWODNIENIA;;LINIOWEGO NIERDZ.OL170 AISI304;;2.000;;1161216;KBKR01;14264765;1;6000;STE;SCE;03513;
25;5;130;#YYI;RUSZT PŁYTOWY 127*461*30 DO ODWODNIENIA;;LINIOWEGO NIERDZ.OL170 AISI304;;1.000;;1161216;KBKR01;14264765;1;7000;STE;SCE;03513;
26;5;130;#YYI;RUSZT PŁYTOWY 127*408*30 DO ODWODNIENIA;;LINIOWEGO NIERDZ.OL170 AISI304;;1.000;;1161216;KBKR01;14264765;1;8000;STE;SCE;03513;
27;5;130;#YYI;RUSZT PŁYTOWY 127*361*30 DO ODWODNIENIA;;LINIOWEGO NIERDZ.OL170 AISI304;;1.000;;1161216;KBKR01;14264765;1;9000;STE;SCE;03513;
28;5;130;#YYI;SYFON NIERDZEWNY DO KP-D160-H;;Z USZCZELKĄ AISI304;;4.000;;1161216;KBKR01;14264765;1;10000;STE;SCE;03513;
29;5;130;#YYI;KOSZ NIERDZEWNY DO KP-D160-H AISI304;;UWAGA-KALK.OD C.ZAKUPU;;4.000;;1161216;KBKR01;14264765;1;11000;STE;SCE;03513;
30;5;130;#FNS;WŁAZ KANAŁOWY D400 Z WENTYLACJĄ;8947441;ŻELWINY DN680;;5.000;;1161124;FAKO01;14265790;1;1000;SH2;SHB;03630;
31;5;130;GEMSERU39206;RURA 35x1,5 STAL SZLACHETNA MAPRESS 6M;39206;1.4401 PRZEMYSŁOWA;L;30.000;;1161215;GEWA01;14267289;1;1000;STE;SCE;03675;
32;5;130;JFPOLPALETA;PÓŁPALETA ŁADUNKOWA DREWNIANA 600x800;POLPALETA;;B;1.000;;1161212;JAJA01;14269574;1;5000;STE;SCE;03675;
33;5;130;*ROT1;EKSPANDER A1 Z RĘKOJEŚCIĄ 35-42-54-64-76;;-108 MM;;1.000;;1130320;ROWA01;10453998;1;1000;SXF;SCF;03740;
34;5;130;CNHDEV9920;GRZEJNIK COSMO 30V 900x 920 (1893W);F1G3009009200000;PŁYTOWY HIGIENICZNY;B;1.000;;1150423;VNWA01;14094742;1;2000;STC;SCC;03748;
35;5;130;#FU1;POŁĄCZENIE KIELICHA RURY KAMIONKOWEJ;KGUSM150K_0020;DN/OD 160 Z USZCZELKĄ;;5.000;;1151116;FUPR01;14154924;1;1000;SH2;SHA;03511;
36;5;130;CLAOWP160EW;OBUDOWA DO WANNY PROSTOKĄTNEJ CLASSIC160;620011005001000;BIAŁA EW;B;1.000;;1150309;SAST01;14086448;1;2000;STX;STX;03679;
37;5;130;CONELOPUK30028;CONEL PUR KOLANO 30/ 28MM (3/4");120273;;B;8.000;;1150331;IZCM02;14092854;1;1000;STB;SCB;03740;
38;5;130;CONELOPUK30044;CONEL PUR KOLANO 30/ 44MM (11/4");120281;;B;10.000;;1150401;IZCM02;14092854;1;2000;STB;SCB;03740;
39;5;130;CONELOPUK30050;CONEL PUR KOLANO 30/ 50MM (11/2");120285;;B;20.000;;1150331;IZCM02;14092854;1;3000;STB;SCB;03740;
40;5;130;#MAKL;ŁĄCZNIK RK Z ZABEZPIECZENIEM 159-194;MAKL;UWAGA-KALK.OD C.ZAKUPU WPISZ KOD;;2.000;;1160226;MALO01;14182030;1;55000;SH2;SHA;03630;
41;5;130;CN22KV4001120;GRZEJNIK COSMO 22KV 400x1120 (1520W);F1G2204011210000;PŁYTOWY;B;1.000;;1160922;VNWA01;14239085;1;1000;STB;SCB;03740;
42;5;130;OSCVWKAWK;POKRYWA AWK (DO KONSOLI WK10,13);AZ1MW00010001000;;B;4.000;;1161213;VNWA01;14271702;1;3000;STB;SCB;03740;
43;5;130;CN22KV3002800;GRZEJNIK COSMO 22KV 300x2800 (3066W);F1G2203028010000;PŁYTOWY;B;1.000;;1160414;VNWA01;14191391;1;129000;STE;SCE;03513;
44;5;130;#QQK;TRÓJNIK TŁOCZNY SPIRO T 2x400/400 PEŁNY;;UWAGA-KALK.OD C.ZAKUPU;;5.000;;1141024;DEDO01;14052657;1;1000;SXC;SCC;03748;
45;5;130;KASKB9060100;KOLANO SPAL-POW TURBO 90°  60/100;812060001;WADEX MALOWANE BIAŁE;B;9.000;;1151008;WAWR01;14140207;1;4000;STC;SCC;03754;
46;5;130;TURKB4560100;KOLANO SPAL-POW TURBO 45°  60/100;816060001;WADEX MALOWANE BIAŁE;B;8.000;;1151008;WAWR01;14140207;1;5000;STC;SCC;03754;
47;5;130;CONELOPUK40090;CONEL PUR KOLANO 40/ 90MM (3");120300;;B;1.000;;1160623;IZCM02;14214199;1;1000;STC;SCC;03510;
48;5;130;CONELOPU40090;CONEL PUR OTULINA 40/ 90MM (3");112252506;;B;5.000;;1160623;IZCM02;14214199;1;2000;STC;SCC;03510;
49;5;130;#TMGR4;GRZEJNIK ŁAZ.TRIGA 1300*380;WGTRG130038KMGRZX;KOLOR METALLIC GRAY;PODŁĄCZENIE ZX;;1.000;;1161118;TEGD01;14255247;1;1000;SXB;SCB;03332;
50;5;130;#TMGR4;GRZEJNIK ŁAZ.ANGUS V 1300*440;WGANG130044KMBEZX;KOLOR METALLIC BEIGE;PODŁĄCZENIE ZX;;1.000;;1161118;TEGD01;14255247;1;2000;SXB;SCB;03332;
51;5;130;CONELOPUK40078;CONEL PUR KOLANO 40/ 78MM (21/2");120296;;B;10.000;;1150721;IZCM02;14120229;1;2000;STA;SCA;03826;
52;5;130;CVVHV341407;GRZEJNIK VONARIS VHV 34 142x 700  (735W);F863401407011000;KONWEKTOROWY BEZ ZAWIESZEK;B;2.000;;1150423;VNWA01;14094786;1;5000;STC;SCC;03748;
53;5;130;DWWKIT90180;TRÓJNIK DWWK INVEST 90° 180/225;3571800007;WADEX SPALINOWY;B;1.000;;1160912;WAWR01;14225088;1;12000;STE;SCE;03675;
54;5;130;CN21KV500520;GRZEJNIK COSMO 21KV 500x 520  (638W);F1G2105005210000;PŁYTOWY;B;1.000;;1160922;VNWA01;14239072;1;4000;STB;SCB;03740;
55;5;130;CN21KV900520;GRZEJNIK COSMO 21KV 900x 520  (969W);F1G2109005210000;PŁYTOWY;B;1.000;;1160922;VNWA01;14239072;1;5000;STB;SCB;03740;
56;5;130;CN21KV900520;GRZEJNIK COSMO 21KV 900x 520  (969W);F1G2109005210000;PŁYTOWY;B;1.000;;1160922;VNWA01;14239078;1;1000;STB;SCB;03740;
57;5;130;CN21KV500520;GRZEJNIK COSMO 21KV 500x 520  (638W);F1G2105005210000;PŁYTOWY;B;1.000;;1160922;VNWA01;14239078;1;2000;STB;SCB;03740;
58;5;130;CNHD62200;GRZEJNIK COSMO 20 600x2200 (2277W);F1E2006022000000;PŁYTOWY HIGIENICZNY;B;2.000;;1150414;VNWA01;14094786;1;6000;STC;SCC;03748;
59;5;130;#HUKN;DRZWI SKRZYDŁOWE ENJOY LEWE SZKŁO CZYSTE;4T0110087322;PROFIL SREBRNY MATOWY 1200;;1.000;;1160623;HUPO01;14211310;1;2000;TMP;TMP;03332;
60;5;130;CONELOPU30044;CONEL PUR OTULINA 30/ 44MM (11/4");112232506;;B;252.000;;1160621;IZCM02;14213609;1;3000;STC;SCC;03510;
61;5;130;WBRE50C;RURA PE-XA EVALPEX 50x4.6     6M S5.0;1008940;DO CWU I CO;B;6.000;;1160715;UPSO01;14221111;1;3000;SXC;SCC;03510;
62;5;130;ALR11000C;ZASOBNIK AL 1000/R KL.C BIAŁY;7844700;STORATHERM AQUA LOAD 1 OTWÓR REWIZYJNY;B;2.000;;1160727;REWA01;14222420;1;4000;STB;SCB;03514;
63;5;130;GEMSCRU19456;RURA 35x1,5 OCYNKOWANA DWUSTRONNIE 6M;19456;C-STAHL MAPRESS STAL WĘGLOWA WIĄZKA 60M;L;6.000;;1160804;GEWA01;14224649;1;2000;STE;SCE;03675;
64;5;130;CN22K3001800;GRZEJNIK COSMO 22K 300x1800 (1971W);F1E2203018010000;PŁYTOWY;B;1.000;;1160805;VNWA01;14224822;1;23100;STE;SCE;03675;
65;5;130;CN22K3002200;GRZEJNIK COSMO 22K 300x2200 (2409W);F1E2203022010000;PŁYTOWY;B;1.000;;1160805;VNWA01;14225429;1;4000;STE;SCE;03675;
66;5;130;FREEKN3082SBW0;KABINA PROSTOKĄTNA FREE LINE 80x120x195;600260066042401;CHROM-SR.BŁYSZ/SZ.W0 GLASS.PROT (D+ŚC.);B;1.000;;1160816;SAST01;14227643;1;4000;STA;SCA;03826;
67;5;130;CN33KV6001320;GRZEJNIK COSMO 33KV 600x1320 (3238W);F1G3306013210000;PŁYTOWY;B;14.000;;1160826;VNWA01;14230551;1;1000;STA;SCA;03826;
68;5;130;#MEIWG;WĘZEŁ KOMPAKTOWY HT 320kW-14kW AF T-H;MEIWG;Cennik od 01.05.2016;;1.000;;1161215;MELE01;14249457;1;2000;STE;SCE;03675;
69;5;130;CNB2221060;GRZEJNIK COSMO 22 2100x600 (2503W);F252221006011G00;PŁYTOWY PIONOWY PODŁĄCZENIE ŚRODKOWE;B;1.000;;1161202;VNWA01;14258667;1;1000;SXE;SCE;03513;
70;5;130;#HUKN;ENJOY PURE DRZWI ZE STAŁ.SEGM.100CM;4T0209092322;PRAWE CHROM SZKŁ. ANTIPALQUE PRZEŹ.;;1.000;;1161129;HUPO01;14260430;1;2000;STE;SCE;03675;
71;5;130;#HUKN;ENJOY PURE ŚCIANKA BOCZNA DO DRZWI ZE ST;4T1613092322;SEGM. 80CM CHROM SZKŁO PRZEŹ. ANTIPLAQ;;1.000;;1161129;HUPO01;14260430;1;3000;STE;SCE;03675;
72;5;130;CNPM21600920;GRZEJNIK COSMO T6 21PM 600x 920 (1197W);F1K2106009210000;PLAN PŁYTOWY;B;1.000;;1161215;VNWA01;14261747;1;1000;STE;SCE;03513;
73;5;130;CNPM21600400;GRZEJNIK COSMO T6 21PM 600x 400  (520W);F1K2106004010000;PLAN PŁYTOWY;B;1.000;;1161215;VNWA01;14261747;1;2000;STE;SCE;03513;
74;5;130;CNPM21900920;GRZEJNIK COSMO T6 21PM 900x 920 (1627W);F1K2109009210000;PLAN PŁYTOWY;B;1.000;;1161215;VNWA01;14261747;1;3000;STE;SCE;03513;
75;5;130;CNPM216001000;GRZEJNIK COSMO T6 21PM 600x1000 (1301W);F1K2106010010000;PLAN PŁYTOWY;B;1.000;;1161215;VNWA01;14261747;1;4000;STE;SCE;03513;
76;5;130;CNPM21600800;GRZEJNIK COSMO T6 21PM 600x 800 (1041W);F1K2106008010000;PLAN PŁYTOWY;B;1.000;;1161215;VNWA01;14261747;1;5000;STE;SCE;03513;
77;5;130;GEMSERU39248;RURA 54x1,5 STAL SZLACHETNA MAPRESS 6M;39248;1.4521;B;60.000;;1161125;GEWA01;14262878;1;1000;STB;SCB;03737;
78;5;130;GEMSERU39247;RURA 42x1,5 STAL SZLACHETNA MAPRESS 6M;39247;1.4521;B;60.000;;1161125;GEWA01;14262878;1;2000;STB;SCB;03737;
79;5;130;GEMSERU39246;RURA 35x1,5 STAL SZLACHETNA MAPRESS 6M;39246;1.4521;B;90.000;;1161125;GEWA01;14262878;1;3000;STB;SCB;03737;
80;5;130;GEMSERU39245;RURA 28x1,2 STAL SZLACHETNA MAPRESS 6M;39245;1.4521;B;30.000;;1161125;GEWA01;14262878;1;4000;STB;SCB;03737;
81;5;130;GEMSERU39244;RURA 22x1,2 STAL SZLACHETNA MAPRESS 6M;39244;1.4521;B;60.000;;1161125;GEWA01;14262878;1;5000;STB;SCB;03737;
82;5;130;GEMSERU39242;RURA 15x1 STAL SZLACHETNA MAPRESS 6M;39242;1.4521;B;84.000;;1161125;GEWA01;14262878;1;7000;STB;SCB;03737;
83;5;130;GEMSERE32324;REDUKCJA 54x42 STAL SZLACHETNA MAPRESS;32324;;B;2.000;;1161125;GEWA01;14262878;1;8000;STB;SCB;03737;
84;5;130;GEMSERE32318;REDUKCJA 42x35 STAL SZLACHETNA MAPRESS;32318;;L;2.000;;1161125;GEWA01;14262878;1;9000;STB;SCB;03737;
85;5;130;GEMSERE32313;REDUKCJA 35x28 STAL SZLACHETNA MAPRESS;32313;;L;2.000;;1161125;GEWA01;14262878;1;10000;STB;SCB;03737;
86;5;130;GEMSERE32306;REDUKCJA 22x18 STAL SZLACHETNA MAPRESS;32306;;L;2.000;;1161125;GEWA01;14262878;1;12000;STB;SCB;03737;
87;5;130;GEMSETR31204;TRÓJNIK 18x15x18 STAL SZLACHETNA MAPRESS;31204;;L;3.000;;1161125;GEWA01;14262878;1;15000;STB;SCB;03737;
88;5;130;GEMSETR31206;TRÓJNIK 22x15x22 STAL SZLACHETNA MAPRESS;31206;;L;2.000;;1161125;GEWA01;14262878;1;16000;STB;SCB;03737;
89;5;130;GEMSETR31209;TRÓJNIK 28x15x28 STAL SZLACHETNA MAPRESS;31209;;L;1.000;;1161125;GEWA01;14262878;1;17000;STB;SCB;03737;
90;5;130;GEMSETR31220;TRÓJNIK 42x35x42 STAL SZLACHETNA;31220;MAPRESS;L;1.000;;1161125;GEWA01;14262878;1;18000;STB;SCB;03737;
91;5;130;GEMSETR31225;TRÓJNIK 54x35x54 STAL SZLACHETNA;31225;MAPRESS;L;3.000;;1161125;GEWA01;14262878;1;19000;STB;SCB;03737;
92;5;130;GEMSETR31226;TRÓJNIK 54x42x54 STAL SZLACHETNA;31226;MAPRESS;B;2.000;;1161125;GEWA01;14262878;1;20000;STB;SCB;03737;
93;5;130;GEMSETR31218;TRÓJNIK 42x22x42 STAL SZLACHETNA;31218;MAPRESS;L;5.000;;1161125;GEWA01;14262878;1;22000;STB;SCB;03737;
94;5;130;GEMSETR31214;TRÓJNIK 35x22x35 STAL SZLACHETNA;31214;MAPRESS;L;7.000;;1161125;GEWA01;14262878;1;23000;STB;SCB;03737;
95;5;130;GEMSEMU32002;MUFA 15 STAL SZLACHETNA MAPRESS;32002;;L;32.000;;1161125;GEWA01;14262878;1;24000;STB;SCB;03737;
96;5;130;GEMSEMU32003;MUFA 18 STAL SZLACHETNA MAPRESS;32003;;B;10.000;;1161125;GEWA01;14262878;1;25000;STB;SCB;03737;
97;5;130;GEMSEMU32004;MUFA 22 STAL SZLACHETNA MAPRESS;32004;;B;10.000;;1161125;GEWA01;14262878;1;26000;STB;SCB;03737;
98;5;130;GEMSEMU32005;MUFA 28 STAL SZLACHETNA MAPRESS;32005;;L;6.000;;1161125;GEWA01;14262878;1;27000;STB;SCB;03737;
99;5;130;GEMSEMU32007;MUFA 42 STAL SZLACHETNA MAPRESS;32007;;B;10.000;;1161125;GEWA01;14262878;1;29000;STB;SCB;03737;
100;5;130;GEMSEMU32008;MUFA 54 STAL SZLACHETNA MAPRESS;32008;;B;12.000;;1161125;GEWA01;14262878;1;30000;STB;SCB;03737;
101;5;130;GEMSEKO30102;KOLANO 90° 15 STAL SZLACHETNA MAPRESS;30102;;L;30.000;;1161125;GEWA01;14262878;1;31000;STB;SCB;03737;
102;5;130;GEMSEKO30104;KOLANO 90° 22 STAL SZLACHETNA MAPRESS;30104;;L;3.000;;1161125;GEWA01;14262878;1;33000;STB;SCB;03737;
103;5;130;GEMSEKO30105;KOLANO 90° 28 STAL SZLACHETNA MAPRESS;30105;;B;20.000;;1161125;GEWA01;14262878;1;34000;STB;SCB;03737;
104;5;130;GEMSEKO31106;KOLANO 90° 35 STAL SZLACHETNA MAPRESS;31106;;B;55.000;;1161125;GEWA01;14262878;1;35000;STB;SCB;03737;
105;5;130;GEMSEKO31107;KOLANO 90° 42 STAL SZLACHETNA MAPRESS;31107;;B;20.000;;1161125;GEWA01;14262878;1;36000;STB;SCB;03737;
106;5;130;GEMSEKO31108;KOLANO 90° 54 STAL SZLACHETNA MAPRESS;31108;;B;12.000;;1161125;GEWA01;14262878;1;37000;STB;SCB;03737;
107;5;130;GEMSEZL31703;ZŁĄCZKA  15x1/2" GZ STAL SZLACHETNA;31703;MAPRESS;L;16.000;;1161125;GEWA01;14262878;1;38000;STB;SCB;03737;
108;5;130;GEMSEZL31707;ZŁĄCZKA 22x3/4" GZ STAL SZLACHETNA;31707;MAPRESS;L;14.000;;1161125;GEWA01;14262878;1;39000;STB;SCB;03737;
109;5;130;GEMSEZL31709;ZŁĄCZKA 35x11/4" GZ STAL SZLACHETNA;31709;MAPRESS;L;12.000;;1161125;GEWA01;14262878;1;40000;STB;SCB;03737;
110;5;130;GEMSEZL31710;ZŁĄCZKA 42x11/2" GZ STAL SZLACHETNA;31710;MAPRESS;L;2.000;;1161125;GEWA01;14262878;1;41000;STB;SCB;03737;
111;5;130;GEMSEZL31711;ZŁĄCZKA 54x2" GZ STAL SZLACHETNA;31711;MAPRESS;B;2.000;;1161125;GEWA01;14262878;1;42000;STB;SCB;03737;
112;5;130;GEMSEZL31802;ZŁĄCZKA 15x1/2" GW STAL SZLACHETNA;31802;MAPRESS;L;9.000;;1161125;GEWA01;14262878;1;43000;STB;SCB;03737;
113;5;130;GEMSEZL31811;ZŁĄCZKA 35x11/4" GW STAL SZLACHETNA;31811;MAPRESS;L;7.000;;1161125;GEWA01;14262878;1;44000;STB;SCB;03737;
114;5;130;GEMSEZL31814;ZŁĄCZKA 42x11/2" GW STAL SZLACHETNA;31814;MAPRESS;B;2.000;;1161125;GEWA01;14262878;1;45000;STB;SCB;03737;
115;5;130;GEMSEZL31818;ZŁĄCZKA 54x2" GW STAL SZLACHETNA;31818;MAPRESS;B;1.000;;1161125;GEWA01;14262878;1;46000;STB;SCB;03737;
116;5;130;GEMSETR31213;TRÓJNIK 35x18x35 STAL SZLACHETNA;31213;MAPRESS;L;2.000;;1161125;GEWA01;14262878;1;48000;STB;SCB;03737;
117;5;130;GEMSCTR21231;TRÓJNIK 90° 76,1x35x76,1 C-STAHL;21231;MAPRESS STAL WĘGLOWA;B;4.000;;1161125;GEWA01;14262889;1;3000;STB;SCB;03737;
118;5;130;GEMSCTR21229;TRÓJNIK 90° 66,7x54x66,7 C-STAHL;21229;MAPRESS STAL WĘGLOWA;B;2.000;;1161125;GEWA01;14262889;1;4000;STB;SCB;03737;
119;5;130;GEMSCTR21229;TRÓJNIK 90° 66,7x54x66,7 C-STAHL;21229;MAPRESS STAL WĘGLOWA;B;2.000;;1161125;GEWA01;14262889;1;5000;STB;SCB;03737;
120;5;130;GEMSCTR21219;TRÓJNIK 90° 42x28x42  C-STAHL;21219;MAPRESS STAL WĘGLOWA;B;8.000;;1161125;GEWA01;14262889;1;7000;STB;SCB;03737;
121;5;130;GEMSCRE22339;REDUKCJA 88,9x76,1 C-STAHL;22339;MAPRESS STAL WĘGLOWA;B;2.000;;1161125;GEWA01;14262889;1;12000;STB;SCB;03737;
122;5;130;GEMSCRE22327;REDUKCJA 66,7x54 C-STAHL;22327;MAPRESS STAL WĘGLOWA;B;2.000;;1161125;GEWA01;14262889;1;14000;STB;SCB;03737;
123;5;130;GEMSCRE22324;REDUKCJA 54x42 C-STAHL;22324;MAPRESS STAL WĘGLOWA;B;2.000;;1161125;GEWA01;14262889;1;15000;STB;SCB;03737;
124;5;130;GEMSCZL21712;ZŁĄCZKA 66,7x2 1/2" GZ C-STAHL;21712;MAPRESS STAL WĘGLOWA;B;4.000;;1161125;GEWA01;14262889;1;22000;STB;SCB;03737;
125;5;130;GEMSCRU29210;RURA 88,9x2,0 OCYNKOWANA ZEWNĘTRZNIE 6M;29210;C-STAHL MAPRESS STAL WĘGLOWA;B;30.000;;1161125;GEWA01;14262889;1;29000;STB;SCB;03737;
126;5;130;GEMSCRU29209;RURA 76,1x2,0 OCYNKOWANA ZEWNĘTRZNIE 6M;29209;C-STAHL MAPRESS STAL WĘGLOWA;B;42.000;;1161125;GEWA01;14262889;1;30000;STB;SCB;03737;
127;5;130;GEMSCRU29208;RURA 66,7x1.5 OCYNKOWANA ZEWNĘTRZNIE 6M;29208;C-STAHL MAPRESS STAL WĘGLOWA WIĄZKA 6M;B;54.000;;1161125;GEWA01;14262889;1;31000;STB;SCB;03737;
128;5;130;GEMSCMU22009;MUFA 76,1 C-STAHL MAPRESS STAL WĘGLOWA;22009;;B;4.000;;1161125;GEWA01;14262889;1;39000;STB;SCB;03737;
129;5;130;GEMSCMU22012;MUFA 66,7 C-STAHL MAPRESS STAL WĘGLOWA;22012;;B;6.000;;1161125;GEWA01;14262889;1;40000;STB;SCB;03737;
130;5;130;GEMSCKO20109;KOLANO 90° 76,1 C-STAHL;20109;MAPRESS STAL WĘGLOWA;B;1.000;;1161125;GEWA01;14262889;1;48000;STB;SCB;03737;
131;5;130;GEMSCKO20112;KOLANO 90° 66,7 C-STAHL;20112;MAPRESS STAL WĘGLOWA;B;11.000;;1161125;GEWA01;14262889;1;49000;STB;SCB;03737;
132;5;130;CNP22600600;GRZEJNIK COSMO 22P 600x 600 (1001W);F1J2206006010000;PLAN MULTI PŁYTOWY;B;2.000;;1161215;VNWA01;14262890;1;1000;STE;SCE;03513;
133;5;130;CN22KVL600400;GRZEJNIK COSMO 22KV 600x 400  (685W);F1G2206004010010;PŁYTOWY LEWY;B;2.000;;1161212;VNWA01;14263348;1;1000;SXC;SCC;03843;
134;5;130;YOUD2P871K;DRZWI OTWIERANE YOUNG 2.0 87 WNĘKA;Y22P871K;LUB ŚCIANKA CHROM/TRANSPARENTNE;B;1.000;;1161213;NOOW01;14263976;1;1000;STX;STX;03680;
135;5;130;YOUSF1B791K;ŚCIANKA BOCZNA YOUNG 2.0 79 DO DRZWI;Y2F1B791K;OTWIERANE CHROM/TRANSPARENTNE;B;1.000;;1161213;NOOW01;14263976;1;2000;STX;STX;03680;
136;5;130;CN22KV4001320;GRZEJNIK COSMO 22KV 400x1320 (1791W);F1G2204013210000;PŁYTOWY;B;1.000;;1161215;VNWA01;14264711;1;5000;STE;SCE;03675;
137;5;130;CN21KV6001800;GRZEJNIK COSMO 21KV 600x1800 (2443W);F1G2106018010000;PŁYTOWY;B;2.000;;1161215;VNWA01;14266158;1;1000;SXC;SCC;03510;
138;5;130;XTEDR120SPA1PP;DRZWI WALK-IN 1101-1200 H=2000 XTENSA P;XT0203069322;SR.POŁYSK/KLAR ANTI-PLAQUE;B;1.000;;1161212;HUPO01;14267599;1;1000;STX;STX;03681;
139;5;130;#HUKN;XTENSA ZESTAW UZUPEŁNIAJACY DO WNEKI;XT0401069322;H2000 SREB. POŁ;;1.000;;1161212;HUPO01;14267599;1;2000;STX;STX;03681;
140;5;130;CN22KVL3001200;GRZEJNIK COSMO 22KV 300x1200 (1314W);F1G2203012010010;PŁYTOWY LEWY;B;1.000;;1161215;VNWA01;14267685;1;2000;STB;SCB;03737;
141;5;130;CN11KVL600920;GRZEJNIK COSMO 11KV 600x 920  (864W);F1G1106009210010;PŁYTOWY LEWY;B;7.000;;1161215;VNWA01;14267719;1;3000;SXE;SCE;03513;
142;5;130;CN21KVL600800;GRZEJNIK COSMO 21KV 600x 800 (1086W);F1G2106008010010;PŁYTOWY LEWY;B;4.000;;1161215;VNWA01;14267719;1;4000;SXE;SCE;03513;
143;5;130;CN22KVL600400;GRZEJNIK COSMO 22KV 600x 400  (685W);F1G2206004010010;PŁYTOWY LEWY;B;4.000;;1161215;VNWA01;14267719;1;7000;SXE;SCE;03513;
144;5;130;CN22KVL900520;GRZEJNIK COSMO 22KV 900x 520 (1194W);F1G2209005210010;PŁYTOWY LEWY;B;1.000;;1161215;VNWA01;14267719;1;9000;SXE;SCE;03513;
145;5;130;CN22KVL900800;GRZEJNIK COSMO 22KV 900x 800 (1837W);F1G2209008010010;PŁYTOWY LEWY;B;3.000;;1161215;VNWA01;14267719;1;10000;SXE;SCE;03513;
146;5;130;CN33KVL600520;GRZEJNIK COSMO 33KV 600x 520 (1276W);F1G3306005210010;PŁYTOWY LEWY;B;4.000;;1161212;VNWA01;14267719;1;11000;SXE;SCE;03513;
147;5;130;CN33KV900720;GRZEJNIK COSMO 33KV 900x 720 (2319W);F1G3309007210000;PŁYTOWY;B;4.000;;1161212;VNWA01;14267719;1;12000;SXE;SCE;03513;
148;5;130;CN33KVL900720;GRZEJNIK COSMO 33KV 900x 720 (2319W);F1G3309007210010;PŁYTOWY LEWY;B;4.000;;1161215;VNWA01;14267719;1;13000;SXE;SCE;03513;
149;5;130;CN11KVL600920;GRZEJNIK COSMO 11KV 600x 920  (864W);F1G1106009210010;PŁYTOWY LEWY;B;3.000;;1161215;VNWA01;14267719;1;19000;SXE;SCE;03513;
150;5;130;CN22KVL600400;GRZEJNIK COSMO 22KV 600x 400  (685W);F1G2206004010010;PŁYTOWY LEWY;B;3.000;;1161215;VNWA01;14267719;1;23000;SXE;SCE;03513;
151;5;130;CN33KVL600520;GRZEJNIK COSMO 33KV 600x 520 (1276W);F1G3306005210010;PŁYTOWY LEWY;B;3.000;;1161212;VNWA01;14267719;1;26000;SXE;SCE;03513;
152;5;130;CN33KV900600;GRZEJNIK COSMO 33KV 900x 600 (1933W);F1G3309006010000;PŁYTOWY;B;3.000;;1161215;VNWA01;14267719;1;27000;SXE;SCE;03513;
153;5;130;CN33KVL900600;GRZEJNIK COSMO 33KV 900x 600 (1933W);F1G3309006010010;PŁYTOWY LEWY;B;3.000;;1161215;VNWA01;14267719;1;28000;SXE;SCE;03513;
154;5;130;CN33KV900720;GRZEJNIK COSMO 33KV 900x 720 (2319W);F1G3309007210000;PŁYTOWY;B;3.000;;1161215;VNWA01;14267719;1;29000;SXE;SCE;03513;
155;5;130;CN33KVL900720;GRZEJNIK COSMO 33KV 900x 720 (2319W);F1G3309007210010;PŁYTOWY LEWY;B;6.000;;1161215;VNWA01;14267719;1;30000;SXE;SCE;03513;
156;5;130;CN22K4001000;GRZEJNIK COSMO 22K 400x1000 (1357W);F1E2204010010000;PŁYTOWY;B;5.000;;1161215;VNWA01;14267960;1;1000;STE;SCE;03675;
157;5;130;KALDWS130SKP;DRZWI DO WNĘKI 130x195 KALI PH;KALIPH1261B;SUWANE SREBRNY/KLAR/CRYSTAL CLEAR;B;1.000;;1161213;NOOW01;14268188;1;1000;SXB;SCB;03681;
158;5;130;CN11KVL600920;GRZEJNIK COSMO 11KV 600x 920  (864W);F1G1106009210010;PŁYTOWY LEWY;B;1.000;;1161215;VNWA01;14268215;1;3000;SXE;SCE;03675;
159;5;130;CN22KVL600400;GRZEJNIK COSMO 22KV 600x 400  (685W);F1G2206004010010;PŁYTOWY LEWY;B;1.000;;1161212;VNWA01;14268215;1;7000;SXE;SCE;03675;
160;5;130;CN33KV900720;GRZEJNIK COSMO 33KV 900x 720 (2319W);F1G3309007210000;PŁYTOWY;B;1.000;;1161212;VNWA01;14268215;1;11000;SXE;SCE;03675;
161;5;130;CN33KVL900720;GRZEJNIK COSMO 33KV 900x 720 (2319W);F1G3309007210010;PŁYTOWY LEWY;B;1.000;;1161215;VNWA01;14268215;1;12000;SXE;SCE;03675;
162;5;130;UCP3RU16200;RURA PERT/AL/PERT 16x2.0  200M WIELOW.;1084021;MP3;L;7000.000;;1161206;UPSO01;14269110;1;1000;STE;SCE;03513;
163;5;130;UCP3RU20100;RURA PERT/AL/PERT 20x2.25 100M WIELOW.;1084022;MP3;L;1000.000;;1161206;UPSO01;14269110;1;2000;STE;SCE;03513;
164;5;130;UCP3RU25050;RURA PERT/AL/PERT 25x2.5  50M  WIELOW.;1084023;MP3;L;600.000;;1161206;UPSO01;14269110;1;3000;STE;SCE;03513;
165;5;130;UCP3RU32050;RURA PERT/AL/PERT 32x3.0  50M  WIELOW.;1084024;MP3;B;300.000;;1161206;UPSO01;14269110;1;4000;STE;SCE;03513;
166;5;130;UCP3ZGZ2015;ZŁĄCZKA GZ 20x1/2" MOSIĄDZ MP3;1083903;;B;300.000;;1161206;UPSO01;14269110;1;5000;STE;SCE;03513;
167;5;130;UCPWPP16;KOLANO 90° 16x16 PPSU PRESS;1022714;.;L;150.000;;1161206;UPSO01;14269110;1;6000;STE;SCE;03513;
168;5;130;UCPWPP20;KOLANO 90° 20x20 PPSU PRESS;1022715;.;L;150.000;;1161206;UPSO01;14269110;1;7000;STE;SCE;03513;
169;5;130;UCPWPP25;KOLANO 90° 25x25 PPSU PRESS;1022716;.;L;50.000;;1161206;UPSO01;14269110;1;8000;STE;SCE;03513;
170;5;130;UCPWPP32;KOLANO 90° 32x32 PPSU PRESS;1022717;.;L;30.000;;1161206;UPSO01;14269110;1;9000;STE;SCE;03513;
171;5;130;UCPTPP16;TRÓJNIK 16 PPSU PRESS;1022718;.;L;220.000;;1161206;UPSO01;14269110;1;10000;STE;SCE;03513;
172;5;130;UCPTPP20;TRÓJNIK 20 PPSU PRESS;1022719;.;L;300.000;;1161206;UPSO01;14269110;1;11000;STE;SCE;03513;
173;5;130;UCPTPP25;TRÓJNIK 25 PPSU PRESS;1022720;.;L;20.000;;1161206;UPSO01;14269110;1;12000;STE;SCE;03513;
174;5;130;UCPTRPP2016;TRÓJNIK REDUKCYJNY 20x16x20 PPSU PRESS;1022724;.;L;260.000;;1161206;UPSO01;14269110;1;13000;STE;SCE;03513;
175;5;130;UCPTRPP201616;TRÓJNIK REDUKCYJNY 20x16x16 PPSU PRESS;1022723;.;L;120.000;;1161206;UPSO01;14269110;1;14000;STE;SCE;03513;
176;5;130;UCPTRPP251620;TRÓJNIK REDUKCYJNY 25x16x20 PPSU PRESS;1022728;.;L;45.000;;1161206;UPSO01;14269110;1;16000;STE;SCE;03513;
177;5;130;UCPTRPP252025;TRÓJNIK REDUKCYJNY 25x20x25 PPSU PRESS;1022731;.;L;100.000;;1161206;UPSO01;14269110;1;17000;STE;SCE;03513;
178;5;130;UCPTRPP322032;TRÓJNIK REDUKCYJNY 32x20x32 PPSU PRESS;1022733;.;L;10.000;;1161206;UPSO01;14269110;1;18000;STE;SCE;03513;
179;5;130;UCP3ZGW1615;ZŁĄCZKA GW 16x1/2" MOSIĄDZ MP3;1083763;;L;300.000;;1161206;UPSO01;14269110;1;19000;STE;SCE;03513;
180;5;130;UCP3ZGW2020;ZŁĄCZKA GW 20x3/4" MOSIĄDZ MP3;1083765;;L;100.000;;1161206;UPSO01;14269110;1;20000;STE;SCE;03513;
181;5;130;UCP3KNGW1615;KOLANO ŚCIENNE GW 16x1/2" MP3;1083776;;L;300.000;;1161206;UPSO01;14269110;1;21000;STE;SCE;03513;
182;5;130;UCP3KNGW2015;KOLANO ŚCIENNE GW 20x1/2" MP3;1083777;;L;300.000;;1161206;UPSO01;14269110;1;22000;STE;SCE;03513;
183;5;130;UCPBW16GW;PŁYTKA MONTAŻOWA 75/150MM;1057840;;L;140.000;;1161206;UPSO01;14269110;1;23000;STE;SCE;03513;
184;5;130;CNHDV61000;GRZEJNIK COSMO 20V 600x1000 (1035W);F1G2006010000000;PŁYTOWY HIGIENICZNY;B;1.000;;1161215;VNWA01;14269807;1;2000;STB;SCB;03737;
185;5;130;CNHDV61120;GRZEJNIK COSMO 20V 600x1120 (1159W);F1G2006011200000;PŁYTOWY HIGIENICZNY;B;1.000;;1161215;VNWA01;14269807;1;3000;STB;SCB;03737;
186;5;130;CNHDV9520;GRZEJNIK COSMO 20V 900x 520  (749W);F1G2009005200000;PŁYTOWY HIGIENICZNY;B;1.000;;1161215;VNWA01;14269807;1;6000;STB;SCB;03737;
187;5;130;CNHDV9600;GRZEJNIK COSMO 20V 900x 600  (864W);F1G2009006000000;PŁYTOWY HIGIENICZNY;B;1.000;;1161215;VNWA01;14269807;1;7000;STB;SCB;03737;
188;5;130;CN11K300400;GRZEJNIK COSMO 11K 300x 400  (226W);F1E1103004010000;PŁYTOWY;B;1.000;;1161215;VNWA01;14269807;1;8000;STB;SCB;03737;
189;5;130;CN11KV6001120;GRZEJNIK COSMO 11KV 600x1120 (1052W);F1G1106011210000;PŁYTOWY;B;1.000;;1161215;VNWA01;14269807;1;22000;STB;SCB;03737;
190;5;130;CN11KV900720;GRZEJNIK COSMO 11KV 900x 720  (930W);F1G1109007210000;PŁYTOWY;B;1.000;;1161215;VNWA01;14269807;1;25000;STB;SCB;03737;
191;5;130;FOM32;FILTROODMULNIK MAGNETYCZNY FOM 32  PN16;FOM32;AULIN STAL NIERDZEWNA;B;1.000;;1161212;AUWR01;14270090;1;7000;STC;SCC;03510;
192;5;130;OSCVWK10M;KONSOLA ŚCIENNA WK10-M;AZ1BW000110010A0;;B;4.000;;1161215;VNWA01;14270114;1;3000;STB;SCB;03740;
193;5;130;ZNRCAQ35RVVBTR;REKUPERATOR COMFOAIR Q350 PL R VV BASIC;471502073;TR WERSJA PRAWA WERSJA PODSTAWOWA;B;1.000;;1161213;ZEWR01;14270984;1;1000;STB;SCB;03737;
194;5;130;ZNT320;TŁUMIK CW-S 320;990323501;;B;2.000;;1161213;ZEWR01;14270984;1;2000;STB;SCB;03737;
195;5;130;ZNPM3200690;PŁYTA MONTAŻOWA CW-M 320 6x90;990323613;.;B;2.000;;1161213;ZEWR01;14270984;1;3000;STB;SCB;03737;
196;5;130;ZNKATUBE90Z50;KANAŁ OKRĄGŁY COMFOTUBE 90 ZWÓJ 50 M;990328009;;B;2.000;;1161213;ZEWR01;14270984;1;4000;STB;SCB;03737;
197;5;130;ZNUSTUBE09;USZCZELKA DO MUFY COMFOTUBE DN90 (10SZT);990328363;;B;3.000;;1161213;ZEWR01;14270984;1;5000;STB;SCB;03737;
198;5;130;ZNSRTVAP19012H;SKRZYNKA ROZPRĘŻNA TVA-P 90 DN 125/H 400;990326126;DO 1xCOMFOTUBE DN90 TW. SZTUCZNE;B;6.000;;1161213;ZEWR01;14270984;1;6000;STB;SCB;03737;
199;5;130;ZNAWSTB1125;ANEMOSTAT WYWIEWNY STB-1-125 DN125;705512521;DO TVA;B;6.000;;1161213;ZEWR01;14270984;1;7000;STB;SCB;03737;
200;5;130;ZNPPTUBE51FL50;PRZEWÓD PŁASKI COMFOTUBE FLAT 51 50M;990328063;POWŁOKA WEWNĘTRZNA 51x138 MM;B;1.000;;1161213;ZEWR01;14270984;1;9000;STB;SCB;03737;
201;5;130;ZNKOFLAT51H;KOLANO FLAT 51 H POZIOME 90° W KOMPLECIE;990322012;2 RYGLE I 2 USZCZELKI;B;2.000;;1161213;ZEWR01;14270984;1;10000;STB;SCB;03737;
202;5;130;ZNP90KPFLAT51;PRZEJŚCIE Z 90 NA KANAŁ PŁASKI FLAT 51;990322046;90° W KOMPLECIE 2 USZCZELKI I 2 RYGLE;B;6.000;;1161213;ZEWR01;14270984;1;11000;STB;SCB;03737;
203;5;130;ZNSKROCLFRB;SKRZYNKA ROZPRĘŻNA OKRĄGŁA CLFR BOCZNA;990322060;W KOMPLECIE USZCZELKA I RYGIEL;B;6.000;;1161213;ZEWR01;14270984;1;12000;STB;SCB;03737;
204;5;130;CN33KV3002000;GRZEJNIK COSMO 33KV 300x2000 (3122W);F1G3303020010000;PŁYTOWY;B;1.000;;1161215;VNWA01;14272658;1;1000;STA;SCA;03826;
205;5;130;CNHD9800;GRZEJNIK COSMO 20 900x 800 (1152W);F1E2009008000000;PŁYTOWY HIGIENICZNY;B;1.000;;1161118;VNWA01;14253061;1;3000;SXB;SCB;03740;
206;5;130;CN21KV3001000;GRZEJNIK COSMO 21KV 300x1000  (838W);F1G2103010010000;PŁYTOWY;B;1.000;;1160706;VNWA01;14191391;1;161000;STE;SCE;03513;
207;5;130;CN21KV3001000;GRZEJNIK COSMO 21KV 300x1000  (838W);F1G2103010010000;PŁYTOWY;B;1.000;;1160805;VNWA01;14224822;1;17000;STE;SCE;03675;
208;5;130;CN21KV6001120;GRZEJNIK COSMO 21KV 600x1120 (1520W);F1G2106011210000;PŁYTOWY;B;1.000;;1160825;VNWA01;14228349;1;1000;STC;SCC;03843;
209;5;130;CN22KVL600520;GRZEJNIK COSMO 22KV 600x 520  (891W);F1G2206005210010;PŁYTOWY LEWY;B;1.000;;1161202;VNWA01;14267685;1;1000;STB;SCB;03737;
210;5;130;CN33KVL600520;GRZEJNIK COSMO 33KV 600x 520 (1276W);F1G3306005210010;PŁYTOWY LEWY;B;1.000;;1161202;VNWA01;14268215;1;9000;SXE;SCE;03675;
211;5;130;CN33K500800;GRZEJNIK COSMO 33K 500x 800 (1782W);F1E3305008010000;PŁYTOWY;B;1.000;;1161124;VNWA01;14248558;1;7000;STE;SCE;03675;
212;5;130;CN11KV300600;GRZEJNIK COSMO 11KV 300x 600  (339W);F1G1103006010000;PŁYTOWY;B;2.000;;1160706;VNWA01;14191391;1;156000;STE;SCE;03513;
213;5;130;CN21KV500520;GRZEJNIK COSMO 21KV 500x 520  (638W);F1G2105005210000;PŁYTOWY;B;7.000;;1160921;VNWA01;14226617;1;11000;STB;SCB;03740;
214;5;130;#CNP;GRZEJNIK COSMO 22P 600x1200 (2003W);F1J220601201000R7030;PLAN MULTI PŁYTOWY RAL7030;;1.000;;1150515;VNWA01;14092589;1;1000;STX;STX;03675;
215;5;130;CN11KVL600520;GRZEJNIK COSMO 11KV 600x 520  (488W);F1G1106005210010;PŁYTOWY LEWY;B;2.000;;1160809;VNWA01;14228481;1;1000;STC;SCC;03510;
216;5;130;CN22KV300520;GRZEJNIK COSMO 22KV 300x 520  (569W);F1G2203005210000;PŁYTOWY;B;1.000;;1161013;VNWA01;14248820;1;2000;STB;SCB;03737;
217;5;130;CN33KVL900600;GRZEJNIK COSMO 33KV 900x 600 (1933W);F1G3309006010010;PŁYTOWY LEWY;B;2.000;;1161202;VNWA01;14268215;1;10000;SXE;SCE;03675;
218;5;130;ONTARIOUB50;UMYWALKA ONTARIO 50x39,5 NABLATOWA;K669001;Z/O Z/P BIAŁA;B;1.000;;1151221;CEKI01;14146141;1;1000;STC;SCC;03648;
219;5;130;CN21KV900720;GRZEJNIK COSMO 21KV 900x 720 (1342W);F1G2109007210000;PŁYTOWY;B;1.000;;1160706;VNWA01;14191391;1;170000;STE;SCE;03513;
220;5;130;CNAST15400;GRZEJNIK COSMO-ART STANDARD 1500x400;F3IA015004000000;ŁAZIENKOWY BIAŁY  (541W);L;1.000;;1161020;VNWA01;14243208;1;2000;STE;SCE;03513;
221;5;130;CNHDEV6800;GRZEJNIK COSMO 30V 600x 800 (1182W);F1G3006008000000;PŁYTOWY HIGIENICZNY;B;1.000;;1150414;VNWA01;14094742;1;5000;STC;SCC;03748;
222;5;130;CNP22600800;GRZEJNIK COSMO 22P 600x 800 (1335W);F1J2206008010000;PLAN MULTI PŁYTOWY;B;1.000;;1161124;VNWA01;14262890;1;2000;STE;SCE;03513;
223;5;130;CNP226001200;GRZEJNIK COSMO 22P 600x1200 (2003W);F1J2206012010000;PLAN MULTI PŁYTOWY;B;1.000;;1161124;VNWA01;14262890;1;3000;STE;SCE;03513;
224;5;130;CNHEV9600;GRZEJNIK COSMO 10V 900x 600  (527W);F1G1009006000000;PŁYTOWY HIGIENICZNY;B;2.000;;1150414;VNWA01;14094742;1;6000;STC;SCC;03748;
225;5;130;CN33KV500920;GRZEJNIK COSMO 33KV 500x 920 (2050W);F1G3305009210000;PŁYTOWY;B;1.000;;1161117;VNWA01;14260761;1;1000;GR4;GR4;03737;
226;5;130;CN33KV900720;GRZEJNIK COSMO 33KV 900x 720 (2319W);F1G3309007210000;PŁYTOWY;B;1.000;;1160421;VNWA01;14192667;1;5000;STE;SCE;03513;
227;5;130;CN33KVL6001320;GRZEJNIK COSMO 33KV 600x1320 (3238W);F1G3306013210010;PŁYTOWY LEWY;B;1.000;;1160516;VNWA01;14197601;1;45000;STA;SCA;03821;
228;5;130;GEPET45315315;TRÓJNIK HDPE 45° 315x315;372148161;.;B;4.000;;1150331;GEWA01;14091374;1;10000;SH2;SHA;03630;
229;5;130;GEPET45250250;TRÓJNIK HDPE 45° 250x250;371147161;.;B;10.000;;1150331;GEWA01;14091374;1;11000;SH2;SHA;03630;
230;5;130;#LECE1;SZAFKA POD UMYWALKĘ KARTELL 595X455X615;H4075520336311;BIAŁY POŁYSK+SYFON X2 SZUFLADA;;1.000;;1141008;ZWGL01;14038801;1;2000;TMP;TMP;03744;
231;5;130;#LECE1;UMYWALKA NABLATOWA KARTELL 600X460;H8103350001111;SAPHIR KERAMIK Z/O,B/P LEWA;;1.000;;1141008;ZWGL01;14038801;1;3000;TMP;TMP;03744;
232;5;130;CFBSPMMN10;COSMOFLOOR ROZDZIELACZ POMPOWY BSPMME-10;1041126813;STAL MALOWANA MIESZACZ TERM POMPA EL;B;1.000;;1151217;GOWO01;14164692;1;1000;SXA;SCA;03826;
233;5;130;CFBNX14;COSMOFLOOR SZAFKA NATYNKOWA BNX 12-14;1041111890;OBW. 1015x700x135MM;B;2.000;;1151217;GOWO01;14164692;1;2000;SXA;SCA;03826;
234;5;130;NOVAPROU60WP;UMYWALKA NOVA PRO 60x45 Z/O WPUSZCZANA;M31861000;Z/P BIAŁA;B;1.000;;1151204;GEWA01;14160364;1;1000;SXB;SCB;03679;
235;5;130;RFV9K15;ZAWÓR RFV9 DN15 1/2" KĄTOWY;1185004;TERMOSTATYCZNY M30x1.5 GRZEJNIKOWY;B;105.000;;1160606;OVST01;14195643;1;8000;STE;SCE;03513;
236;5;130;OVS0ZK15;ZAWÓR COMBI 2 DN15 1/2"        KĄTOWY;1091062;ŚRUBUNEK POWROTNY GRZEJNIKOWY;B;105.000;;1160606;OVST01;14195643;1;9000;STE;SCE;03513;
237;5;130;MODOU80;UMYWALKA MODO 80x48,5 Z/O Z/P BIAŁA;L31980000;;B;1.000;;1160722;GEWA01;14217565;1;1000;STX;STX;03680;
238;5;130;UCOROSP56;SZAFKA ROZDZ. PODTYNKOWA PT 565x123 MM;1046991;VARIO MP3;B;7.000;;1160505;UPSO01;14200659;1;26000;SXB;SCB;03737;
239;5;130;ZKSISUGT;STELAŻ KOŁO TECHNIC GT UMYWALKA H113-133;99402000;SZEROKOŚĆ 50 CM;B;2.000;;1150710;GEWA01;14118331;1;9000;STE;SCE;03648;
240;5;130;MRFMTX1;MODUŁ RADIOWY TX1.1 DO WODOMIERZY;5907738167607;GSD8-RFM;B;20.000;;1160902;BMTR01;14237193;1;1000;STE;SCE;03675;
241;5;130;J8RFMA16C;WODOMIERZ JS GSD8-RFM 1.6M3/H DN15 90°;5907738168123;110-G3/4" MBUS-RADIO MID R100/R50;B;13.000;;1160902;BMTR01;14237193;1;2000;STE;SCE;03675;
242;5;130;J8RFMA16Z;WODOMIERZ JS GSD8-RFM 1.6M3/H DN15 30°;5907738168116;110-G3/4" MBUS-RADIO MID R100/R50;B;5.000;;1160902;BMTR01;14237193;1;3000;STE;SCE;03675;
243;5;130;J8RFMA40Z;WODOMIERZ JS GSD8-RFM 4.0M3/H DN20 30°;5907738168154;130-G1" MBUS-RADIO MID R100/R50;B;1.000;;1160902;BMTR01;14237193;1;4000;STE;SCE;03675;
244;5;130;J8RFMA40C;WODOMIERZ JS GSD8-RFM 4.0M3/H DN20 90°;5907738168161;130-G1" MBUS-RADIO MID R100/R50;B;1.000;;1160902;BMTR01;14237193;1;5000;STE;SCE;03675;
245;5;130;UCPTRPP202016;TRÓJNIK REDUKCYJNY 20x20x16 PPSU PRESS;1022725;.;L;280.000;;1161213;UPSO01;14269110;1;15000;STE;SCE;03513;
246;5;130;UCP3ZK20;ZAWÓR KULOWY 1" DO RODZIELACZA MP3;9994000;;B;42.000;;1161213;UPSO01;14269396;1;1000;STE;SCE;03532;
247;5;130;ZNSKRO516;SKRZYNKA ROZDZIELCZA 51/6 6 WYJŚĆ;990322030;COMFOUBE FLAT 51;B;31.000;;1161216;ZEWR01;14272633;1;200;STE;SCE;00001;
248;5;130;ZNANSTHA125;ANEMOSTAT NAWIEWNY STH 1A-125 DO TVA;705512596;.;B;22.000;;1161216;ZEWR01;14272633;1;300;STE;SCE;00001;
249;5;130;ZNAWSTB1125;ANEMOSTAT WYWIEWNY STB-1-125 DN125;705512521;DO TVA;B;28.000;;1161216;ZEWR01;14272633;1;400;STE;SCE;00001;
250;5;130;NMCK190150;OTULINA INSUL-TUBE 19x 15 (1/4");IVTAIS190150;KAUCZUKOWA 105°  ODCINEK 2M;B;16.000;;1130712;NMZA01;12464361;1;2000;STB;SCB;03740;
251;5;130;NMCK190180;OTULINA INSUL-TUBE 19x 18 (3/8");IVTAIS190180;KAUCZUKOWA 105°  ODCINEK 2M;B;26.000;;1130712;NMZA01;12464361;1;3000;STB;SCB;03740;
252;5;130;CONELOS13018C;CONEL STABIL OTULINA 13x18 (3/8");IPTCCC130181;ODCINEK 2M CZERWONY;B;96.000;;1131220;NMZA01;13228976;1;1000;STA;SCA;03826;
253;5;130;CONELOS13022C;CONEL STABIL OTULINA 13x22 (1/2");IPTCCC130221;ODCINEK 2M CZERWONY;B;80.000;;1131220;NMZA01;13228976;1;2000;STA;SCA;03826;
254;5;130;CONELOS13035C;CONEL STABIL OTULINA 13x35 (1");IPTCCC130351;ODCINEK 2M CZERWONY;B;48.000;;1131220;NMZA01;13228976;1;3000;STA;SCA;03826;
255;5;130;PURESTUS601OR1;UMYWALKA PURE STONE 60x62,5 Z/O STAWIANA;517261R1;B/P BIAŁA CERAMICPLUS;B;2.000;;1131202;VBME01;13218505;1;1000;STB;SCB;03740;
256;5;130;DXZFFR100050;ZWĘŻKA FFR 100x50;911FFR100050;;B;1.000;;1161205;DODZ01;14267900;1;4000;STE;SCE;03513;
257;5;130;DXTKT100065;TRÓJNIK KOŁNIERZOWY T 100x65;901T100065;;B;1.000;;1161205;DODZ01;14267900;1;5000;STE;SCE;03513;
258;5;130;E501CCNMAT;ZLEWOZMYWAK E50 1C CN MAT;30000048;465x465 STAL MATOWA;B;4.000;;1150730;TKPR01;14123306;1;7000;SXB;SCB;03750;
259;5;130;#TYM1;ZESTAW MONT. DO ZASUW M20/100mm;;WPISZ KOD;;50.000;;1141006;MAGD01;14000066;1;2000;SH2;SHB;03511;
260;5;130;LOOPUN39;UMYWALKA LOOP&FRIENDS 39 NABLATOWA B/O;61403901;Z/P BIAŁA;B;1.000;;1150403;VBME01;14087415;1;1000;STE;SCE;03513;
261;5;130;F821A44015;FILTR KOŁNIERZOWY SKOŚNY 821A-F100 DN15;821A015C44;PN16 ŻELIWO SZARE              821-44;B;1.000;;1161213;ZEKL02;14270090;1;8000;STC;SCC;03510;
262;5;130;F821A44032;FILTR KOŁNIERZOWY SKOŚNY 821A-F100 DN32;821A032C44;PN16 ŻELIWO SZARE              821-44;B;1.000;;1161213;ZEKL02;14270090;1;9000;STC;SCC;03510;
263;5;130;#LFCE;UMYWALKA LIVING SQUARE 150x48 B/O B/P;H8164380001091LCC;MEBLOWA BIAŁA;;1.000;;1150123;ZWGL01;14074240;1;1000;STX;STX;03332;
264;5;130;CLIVIACUN54;UMYWALKA CLIVIA 54x41,5 NABLATOWA;41711701;Z/O Z/P BIAŁA VIGOUR;B;18.000;;1160929;ALER02;14244572;1;1000;STB;SCB;03740;
265;5;130;HAWW470010;ZASUWA KOŁNIERZOWA DŁUGA TYP E  DN100;ZS470010000PW16;WODA PN16;B;3.000;;1160224;HAKO01;14182030;1;40000;SH2;SHA;03630;
266;5;130;HAWW2520050;ZASUWA DO PRZYŁĄCZA DOMOWEGO DN 2";PD2520200000W16;PN16;B;2.000;;1160224;HAKO01;14182030;1;46000;SH2;SHA;03630;
267;5;130;NOVAPRO45ZSZB0;UMYWALKA NOVA PRO 45x35 PROSTOKĄTNA Z/O;M39024000;Z SZAFKĄ BIAŁY POŁYSK ZESTAW;B;1.000;;1161104;GEWA01;14257236;1;5000;SXA;SCA;03826;
268;5;130;D15S065;REGULATOR CIŚNIENIA D15S DN65;D15S65A;.;B;1.000;;1161213;HOWA01;14268219;1;1000;STE;SCE;03513;
269;5;130;NOTMWL2;MISKA WISZĄCA NOVA TOP BEZ BARIER 70CM;63500000;LEJOWA BIAŁA;L;1.000;;1140527;GEWA01;14003776;1;1000;STA;SCA;03826;
270;5;130;CWPVC300N;PŁASZCZ PVC DO COSMO E  300 NIEBIESKI;5930200;.;B;1.000;;1160620;WILE01;14206189;1;3000;STA;SCA;03826;
271;5;130;PRASZUT64622;BATERIA UMYWALKOWA CZASOWA B/MIESZ. 605;64622;CHROM STOJĄCA OZN.CIEPŁA;B;11.000;;1160908;EKPL01;14236060;1;1000;STB;SCB;03648;
272;5;130;Z15NOVAA;POMPA CWU STAR-Z NOVA A 230V PN10 1/2";4132761;CYRKULACYJNA Z ZAWORAMI;L;4.000;;1161104;WIRA01;14244651;1;3000;STE;SCE;03513;
273;5;130;YONOSP2514DP;ZESTAW DWÓCH POMP CO YONOS PICO 25/1-4;4202986;OBIEGOWE PN6 1";L;4.000;;1161104;WIRA01;14244651;1;4000;STE;SCE;03513;
274;5;130;Z15NOVAA;POMPA CWU STAR-Z NOVA A 230V PN10 1/2";4132761;CYRKULACYJNA Z ZAWORAMI;L;4.000;;1161104;WIRA01;14244651;1;6000;STE;SCE;03513;
275;5;130;YONOSP2516DP;ZESTAW DWÓCH POMP CO YONOS PICO 25/1-6;4202987;OBIEGOWE PN6 1";L;4.000;;1161104;WIRA01;14244651;1;7000;STE;SCE;03513;
276;5;130;RURMAWM8;RURA MIEDZIANA MIĘKKA  8x1.0 50M W ZWOJA;RURMAWM08;CH CU;B;50.000;;1161013;MKHE01;14248437;1;3000;STA;SCA;03821;
277;5;130;GEPET904040;TRÓJNIK HDPE 90° 40x 40;360159161;.;B;9.000;;1161031;GEWA01;14257889;1;2000;STB;SCB;03740;
278;5;130;GEPEZAK040;ZAŚLEPKA KOMPLETNA HDPE 40MM;360750161;;B;9.000;;1161031;GEWA01;14257889;1;3000;STB;SCB;03740;
279;5;130;GEPET905050;TRÓJNIK HDPE 90° 50x 50;361162161;.;B;10.000;;1161031;GEWA01;14257889;1;4000;STB;SCB;03740;
280;5;130;VSC20645P13Y;KOCIOŁ VSC 206/4-5 150+ ZESTAW;0010022820;PODSTAWOWY DO SYSTEMU SZACHTU;B;1.000;;1161124;VAWA01;14263444;1;1000;STB;SCB;03737;
281;5;130;TALSVBZST;BATERIA ZLEWOZMYWAKOWA TALIS S VARIARC;14870000;STOJĄCA CHROM;B;4.000;;1150806;HATA01;14123306;1;1000;SXB;SCB;03750;
282;5;130;DCODEU45;UMYWALKA D-CODE 45x34 Z/O Z/P BIAŁA;07054500002;;B;4.000;;1150804;DUHO01;14123306;1;2000;SXB;SCB;03750;
283;5;130;FOCBUST10CS;BATERIA UMYWALKOWA FOCUS 100 STOJĄCA;31621000;COOL START Z/MECH. ZAM. CHROM;B;4.000;;1150806;HATA01;14123306;1;3000;SXB;SCB;03750;
284;5;130;TALSVBZSTWW;BATERIA ZLEWOZMYWAKOWA TALIS S VARIARC;14872000;STOJĄCA Z WYCIĄGANĄ WYLWEKĄ CHROM;B;1.000;;1150730;HATA01;14123306;1;15000;SXB;SCB;03750;
285;5;130;TQTK11P16;TULEJA KOŁNIERZOWA DN110 PE100 SDR11;05DTQTK11011;PN16;B;4.000;;1160224;TQDG01;14182030;1;61000;SH2;SHA;03630;
286;5;130;GEPEUC160K;UCHWYT DO RUR HDPE 160 1/2";369841002;REGULOWANY;B;3.000;;1160524;GEWA01;14205492;1;69000;STC;SCC;03510;
287;5;130;#REH0;CZWÓRNIK NAROŻNIKOWY DN.110/110/110/87ST;11215641003;;;17.000;;1160720;REPR02;14214384;1;7000;STE;SCE;03675;
288;5;130;GEPET456350;TRÓJNIK HDPE 45° 63x 50;364112161;.;B;8.000;;1160927;GEWA01;14242503;1;14000;STC;SCC;03510;
289;5;130;GEPEKM63;KOMPENSACJA HDPE 63;364700161;.;B;2.000;;1160927;GEWA01;14242503;1;16000;STC;SCC;03510;
290;5;130;GEPERE11075;REDUKCJA HDPE MIMOŚRODOWA 110x 75;367576161;.;B;8.000;;1160927;GEWA01;14242503;1;20000;STC;SCC;03510;
291;5;130;GEPEUC63K;UCHWYT DO RUR HDPE 63 1/2";364841002;REGULOWANY;B;20.000;;1160927;GEWA01;14242503;1;31000;STC;SCC;03510;
292;5;130;#QUA00;FILTR DZIAŁKOWY DO CENTRALI XP10;QUA00;427x399x96 G4;;8.000;;1161129;QAGD01;14262595;1;1000;SXC;SCC;03510;
293;5;130;GEPET459050;TRÓJNIK HDPE 45° 90x 50;366112161;.;B;9.000;;1161214;GEWA01;14268439;1;32000;STC;SCC;03510;
294;5;130;GEPET459056;TRÓJNIK HDPE 45° 90x 56;366115161;.;B;9.000;;1161214;GEWA01;14268439;1;33000;STC;SCC;03510;
295;5;130;GEPEKM90;KOMPENSACJA HDPE 90;366700161;.;B;9.000;;1161214;GEWA01;14268439;1;36000;STC;SCC;03510;
296;5;130;GEPET4511040;TRÓJNIK HDPE 45° 110x 40;367109161;.;B;1.000;;1161214;GEWA01;14268439;1;39000;STC;SCC;03510;
297;5;130;GEPET4511050;TRÓJNIK HDPE 45° 110x 50;367112161;.;B;1.000;;1161214;GEWA01;14268439;1;40000;STC;SCC;03510;
298;5;130;GEPERW90110;REWIZJA HDPE 90° 110x110 CZYSZCZAK;367451161;.;B;1.000;;1161214;GEWA01;14268439;1;42000;STC;SCC;03510;
299;5;130;GEPERE0137;REDUKCJA HDPE CENTRYCZNA 110x 90;367580161;.;B;8.000;;1161214;GEWA01;14268439;1;43000;STC;SCC;03510;
300;5;130;GEPEKM110;KOMPENSACJA HDPE 110;367700161;.;B;1.000;;1161214;GEWA01;14268439;1;45000;STC;SCC;03510;
301;5;130;GEPEUC90;UCHWYT DO RUR HDPE 90 M10;366843002;REGULOWANY;B;10.000;;1161214;GEWA01;14268439;1;66000;STC;SCC;03510;
302;5;130;GEPEUC110K;UCHWYT DO RUR HDPE 110 1/2";367841002;REGULOWANY;B;8.000;;1161214;GEWA01;14268439;1;69000;STC;SCC;03510;
303;5;130;GEPEUC110;UCHWYT DO RUR HDPE 110 M10;367843002;REGULOWANY;B;8.000;;1161214;GEWA01;14268439;1;70000;STC;SCC;03510;
304;5;130;GEPEOE125;OPASKA ELEKTROZGRZEWALNA HDPE 125;368776161;.;B;10.000;;1161214;GEWA01;14268439;1;72000;STC;SCC;03510;
305;5;130;GEPEUC125K;UCHWYT DO RUR HDPE 125 1/2";368841002;REGULOWANY;B;5.000;;1161214;GEWA01;14268439;1;73000;STC;SCC;03510;
306;5;130;#FRZS;FRANKE COLIBRI 620 ZLEWOZMYWAK 2 KOM.;1010294266;STAL NIERDZEWNA JEDWAB;;1.000;;1140822;FRRA01;14035440;1;2000;STA;SCA;03826;
307;5;130;GEPEZL50;ZŁĄCZE ŚRUBOWE KOMPLETNE HDPE 50;361740161;.;B;60.000;;1160518;GEWA01;14198202;1;6000;STC;SCC;03510;
308;5;130;#SHPI;NOŚNIK 80X80 R55 PÓŁOKRĄGŁY;2048;CENNIK WAŻNY OD 01.04.2012;;1.000;;1160610;SCMI01;14211079;1;1000;SXB;SCB;03332;
309;5;130;VGSPR452452;SYFON PRALKI/ZMYWARKI PODTYNKOWY 40/50;452452;PIONOWY TWORZYWO/BIAŁY;B;10.000;;1160913;VIWA01;14234864;1;1000;STC;SCC;03510;
310;5;130;PLATE1500PP;RUSZT PROSTY PLATE DO WYPEŁNIENIA 1500MM;601570;POŁYSK;B;1.000;;1161010;TEST01;14248669;1;2000;STA;SCA;03821;
311;5;130;DLAK1;AKCESORIA DO KOLAN ODPŁYWOWYCH;660015;EKSTRA NISKICH;B;1.000;;1161010;TEST01;14248669;1;4000;STA;SCA;03821;
312;5;130;CONELOPUK20114;CONEL PUR KOLANO 20/114MM (4");120305;;B;8.000;;1161202;IZCM02;14255036;1;1000;STB;SCB;03740;
313;5;130;CERSANIA50;UMYWALKA CERSANIA NEW 50x38,5 MEBLOWA;K110044;Z/O Z/P BIAŁA;B;1.000;;1150219;CEKI01;14076782;1;3000;SXA;SCA;03826;
314;5;130;MERIDAMKD;MISKA KOMPAKTOWA MERIDA ODPŁYW POZ.;K03014;Z DOLNOPŁUKIEM 3/6 Z DESKĄ MIĘKKĄ PP;B;1.000;;1150219;CEKI01;14076782;1;7000;SXA;SCA;03826;
315;5;130;IKA7B075;PODGRZEWACZ CWU FISH  750 S2;502512075;DUO SOLAR (SZARY);B;1.000;;1131113;SURA01;13075463;1;1000;SXE;SCE;03513;
316;5;130;VAR3604E;CENTRALA WENTYLACYJNA RECOVAIR VAR360/4E;0010019692;Z ODZYSKIEM CIEPŁA;B;1.000;;1161202;VAWA01;14262874;1;1000;STA;SCA;03826;
317;5;130;FFLEXC25;SPRZĘGŁO HYDRAULICZNE FLEXBALANCE C 1";28381;FLEXBALANCE ECOPLUS C  60KW;B;1.000;;1151109;FLPO01;14151914;1;1000;STC;SCC;03727;
318;5;130;GESOSW01001;SYFON WANNOWY 52 Z KORKIEM AUTOMAT.;150501001;BEZ ZESTAWU WYKOŃCZENIOWEGO;B;1.000;;1161214;GEWA01;14268898;1;4000;STX;STX;03680;
319;5;130;GESOZW21111;ZESTAW WYKOŃCZENIOWY DO SYFONU WANNOWEGO;150221111;BIAŁY GEBERIT;B;1.000;;1161214;GEWA01;14268898;1;5000;STX;STX;03680;
320;5;130;GESIPLPS20SI1;PRZYCISK SIGMA70 PRZEDNI BIAŁY;115620SI1;.;B;1.000;;1161214;GEWA01;14268898;1;6000;STX;STX;03680;
321;5;130;*HDSP1;GŁOWICA NATRYSKOWA Z SITKIEM;;NA PRZEGUBIE CHROM;;16.000;;1160829;HDKO01;14233152;1;2000;STB;SCB;03648;
322;5;130;*VOCE1;PÓŁPOSTUMENT DO UMYWALKI HOMMAGE BIAŁY;;C.PL.;;1.000;;1101209;VBME01;7664359;1;1000;STX;STX;03719;
323;5;130;BINSBZSTM;BATERIA ZLEWOZMYWAKOWA BINGO STAR STOJ.;428360578;MULTI CHROM;B;4.000;;1160323;KLOP01;14187075;1;1000;STE;SCE;03648;
324;5;130;DRSOOS5040;OSŁONA SYFONU CHROM;0050401000;.;B;1.000;;1150629;DUHO01;14113194;1;1000;GR4;GR4;03679;
325;5;130;PUREGN18R30;GŁOWICA NATRYSKU PURE FI 180MM RAMIĘ;B47B3029105N;300MM CHROM;B;1.000;;1161021;NIAE01;14250828;1;13000;STE;SCE;03513;
326;5;130;NOVAPROCH;PRZYCISK WC NOVA PRO CHROM DO GT;94160002;;B;2.000;;1150313;GEWA01;14088520;1;4000;STA;SCA;03679;
327;5;130;FK0632AA;FILTR DO WODY FK06 5/4"  100UM;FK06114AA;Z OPŁUKIWANIEM, REGULATOR CIŚNIENIA;B;2.000;;1161006;HOWA01;14243465;1;1000;STE;SCE;03675;
328;5;130;#DRDR;DURAVIT WSPORNIK KONSOLI CHROM;PV9933;OSPRZĘT CENNIK 01.01.2015;;1.000;;1150629;DUHO01;14110644;1;1000;STC;SCC;03648;
329;5;130;DZTGW040;ZAWÓR DO WSPAWANIA GAZ DN40 PN40 KULOWY;7410240040;DZT GAZOWY;B;1.000;;1130705;DZDZ01;12435312;1;1000;STE;SCE;03513;
330;5;130;RHUP0310;UCHWYT PAPIERU TOAL. B/PRZYKR. PORĘCZ PO;L1103100;NA PORĘCZ POŁYSK FUNKTION STAL NIERDZEWN;B;1.000;;1150814;GEWA01;14123306;1;12000;SXB;SCB;03750;
331;5;130;GESIPLPD05211;PRZYCISK DELTA51 PRZEDNI CHROM-BŁYSZCZ.;115105211;UP100;B;10.000;;1161214;GEWA01;14265117;1;1000;SXA;SCA;03826;
332;5;130;WADCUP200;USTNIK POD PARASOL DWWK 200/300;3522000005;WADEX SPALINOWY;B;1.000;;1161019;WAWR01;14248188;1;1000;SXE;SCE;03513;
333;5;130;ELGPMBL5620;PMBL5620 ROZGAŁĘŹNIK LG DO MULTI F;ELGPMBL5620;SYSTEMY MULTI FDX (FM41AH.FM49AH.FM57AH);B;1.000;;1151006;LGWR01;14141331;1;2000;STE;SCE;03513;
334;5;130;HG96016000;MOCOWANIE BATERII;96016000;.;B;3.000;;1161006;HATA01;14241474;1;1000;STE;SCE;03513;
335;5;130;HG13961000;ELEMENTY MOCUJĄCE DO WYLEWEK STOJĄCYCH;13961000;.;B;2.000;;1161006;HATA01;14241474;1;2000;STE;SCE;03513;
336;5;130;WADKASUS110;USZCZELKA TURBO 110;852110000;WADEX;B;6.000;;1161026;WAWR01;14254563;1;1000;TMP;TMP;03675;
337;5;130;#DRDR;ZAWIAS DO DESKI D-CODE ZAWIAS ZWYKŁY;0061391000;OSPRZĘT CENNIK 01.01.2015;;1.000;;1150102;DUHO01;14072347;1;1000;STX;STX;03679;
338;5;130;#DTSO;DORNBRACHT MEM SYFON CYPRUM;1006078049;CENNIK 2016 (OD 01.04.2016);;1.000;;1160315;DOIS01;14186810;1;1000;STX;STX;03679;
339;5;130;SNTM054;MUFA DWUKIELICHOWA 54;12427054;STAL WĘGLOWA 24000 SANHA THERM 1.0034;B;2.000;;1160818;SALE01;14230332;1;1000;STE;SCE;03513;
340;5;130;BOXCH;PRZYCISK WC BOX DO GT CHROM;94161002;;B;1.000;;1151221;GEWA01;14164861;1;1000;SXC;SCC;03514;
341;5;130;ZPZSB143CGP;ZESTAW PRZEZBR.ZSB-14-3C NA GAZ PŁYNNY;87160127590;;B;1.000;;1161117;BOWA02;14263010;1;1000;STE;SCE;03513;
342;5;130;#XX;GŁOWICA DO BATERII CLIVIA B2144AA;;UWAGA-KALK.OD C.ZAKUPU;;1.000;;1141007;IDWR01;14044778;1;3000;SXE;SCE;03648;
343;5;130;CLIVIABZXU;USZCZELKI POD GŁOWICĘ KOMPL (3 SZT.);A961155NU;;B;1.000;;1141007;IDWR01;14044778;1;2000;SXE;SCE;03648;
344;5;130;#DTAS;PERLATOR DO BATERII SQUARE;0423010240000;CENNIK 2016 (OD 01.04.2016);;1.000;;1150121;DOIS01;14076334;1;1000;SXB;SCB;03679;
345;5;130;GEPEEM040;ELEKTROMUFA HDPE 40MM;360771161;;L;8.000;;1140806;GEWA01;14029849;1;13000;STE;SCE;03675;
346;5;130;GEPERE7540;REDUKCJA HDPE MIMOŚRODOWA  75x 40;365558161;.;B;1.000;;1140806;GEWA01;14029849;1;32000;STE;SCE;03675;
347;5;130;GEMSCTR21011;TRÓJNIK 90° 108 C-STAHL;21011;MAPRESS STAL WĘGLOWA;B;1.000;;1161129;GEWA01;14267317;1;3000;STE;SCE;03513;
348;5;130;#SYS;CZERPNIA/WYRZUTNIA CVVX 200;5564;CENNIK 20.02.2007;;3.000;;1120314;SYMR01;9905484;1;1000;SXB;SCB;03740;
349;5;130;#IKA;ZESTAW POŁĄCZ DO 3 KOL Z 4 WYJŚCIAMI;IKA;UWAGA-KALK.OD C.ZAKUPU;;1.000;;1120809;SURA01;10765552;1;1000;TMP;TMP;03675;
350;5;130;#TMGR1;GRZEJNIK ŁAZ.POC 530*450 (302W) BIAŁY;GPOC054BIP300;PODŁĄCZENIE PRAWE 50CM;;1.000;;1120921;TEGD01;10988079;1;1000;GR4;GR4;03674;
351;5;130;CN33KV6001120;GRZEJNIK COSMO 33KV 600x1120 (2747W);F1G3306011210000;PŁYTOWY;B;6.000;;1161027;VNWA01;14251218;1;16000;STE;SCE;03675;
352;5;130;CN33KV900720;GRZEJNIK COSMO 33KV 900x 720 (2319W);F1G3309007210000;PŁYTOWY;B;2.000;;1161104;VNWA01;14251218;1;19000;STE;SCE;03675;
353;5;130;CN33KV9001120;GRZEJNIK COSMO 33KV 900x1120 (3608W);F1G3309011210000;PŁYTOWY;B;1.000;;1161104;VNWA01;14251218;1;23000;STE;SCE;03675;
354;5;130;CN33KV9001200;GRZEJNIK COSMO 33KV 900x1200 (3865W);F1G3309012010000;PŁYTOWY;B;4.000;;1161104;VNWA01;14251218;1;24000;STE;SCE;03675;
355;5;130;DIPKOSI11TE;PAKIET KOMFORT SI11TE:POMPA,BUFOR,PODGRZ;PKFRTSI11TE2;EWACZ,ROZDZIELACZ,3 POMPY,GRZAŁKA;B;1.000;;1160921;DIPO01;14240425;1;1000;STC;SCC;03510;
356;5;130;#DI01;DOPŁATA DO ZAMIANY BUFORA NA PSP100E;DI01;;;1.000;;1160928;DIPO01;14240425;1;2000;STC;SCC;03510;
357;5;130;MCA600;UCHWYT GRZEJNIKA MONCLAC MCA600;51872207;.;B;10.000;;1130708;SINO01;12440466;1;1000;STE;SCE;03513;
358;5;130;#JS02;KOCIOŁ SUPRALINE KN 15-8 E GZ50 15KW;7715130010983;CENNIK 15.03.2016;;1.000;;1120411;BOWA02;10102243;1;1000;STX;STX;03674;
359;5;130;PPRMGZ9080;MUFA PP GZ PN20  90x3";MGZ90X3;ZGRZEWANA;B;1.000;;1161021;DMWL01;14253223;1;1000;STE;SCE;03675;
360;5;130;ZKXX96024;RURA ODPŁYWOWA DO MISEK WISZ. KOŁO 30CM;96024;EGO, VARIUS, OVUM, PRECIOSA 2, 4U;B;1.000;;1161215;GEWA01;14271171;1;10000;STE;SCE;03675;
361;5;130;ZKXX96024;RURA ODPŁYWOWA DO MISEK WISZ. KOŁO 30CM;96024;EGO, VARIUS, OVUM, PRECIOSA 2, 4U;B;1.000;;1161215;GEWA01;14271171;1;22000;STE;SCE;03675;
362;5;130;#MWE;ZACZEP SC 187680;187680;;;200.000;;1140602;ERWR01;14017280;1;1000;STC;SCC;03748;
363;5;130;ECOSUBTNSC;BATERIA TERMOSTATYCZNA ECOSTAT UNIVERSAL;13122000;NATRYSKOWA ŚCIENNA CHROM;B;1.000;;1160205;HATA01;14169525;1;1000;SXC;SCC;03679;
364;5;130;UCP3RO103;ROZDZIELACZ 1" 3-OBW  Z NYPLAMI MOSIĄDZ;9994023;MP3;B;1.000;;1161003;UPSO01;14236819;1;1000;STA;SCA;03826;
365;5;130;GEMEKPZ2015;KOLANO PRZYŁ.DO ZBIOR.PODT.20x1/2"MEPLA;602276005;.;B;10.000;;1150505;GEWA01;14098360;1;18000;SXE;SCE;03513;
366;5;130;GEMETR503250;TRÓJNIK 50x32x50 MEPLA;626319005;.;B;5.000;;1150505;GEWA01;14098360;1;58000;SXE;SCE;03513;
367;5;130;#SN24;CZWÓRNIK DWUPŁASZCZYZNOWY 22X15;1241812215.1;;;16.000;;1151005;SALE01;14138507;1;1000;STE;SCE;03678;
368;5;130;#SN24;CZWÓRNIK DWUPŁASZCZYZNOWY 15;124181151;;;18.000;;1151005;SALE01;14138507;1;3000;STE;SCE;03678;
369;5;130;MC4021236P;CIEPŁOMIERZ MC 402 1/2"   0.6M3/H POWRÓT;402WXXXXX1236POW;110MM Z ŚRUBUN.I MID;B;1.000;;1161103;KAWA01;14242619;1;7000;STE;SCE;03675;
370;5;130;RFTGW201520;TRÓJNIK ZACISKANY GW 20x1/2"x20;06013205;MOSIĄDZ TWEETOP;B;10.000;;1161110;TWSZ01;14259683;1;1000;STE;SCE;03675;
371;5;130;SOC40265;ZAWÓR ZWROTNY 402 DN 65 PN16;149B2283;TMAX=100°C GRZYBKOWY KOŁNIERZOWY   SOCLA;B;1.000;;1161122;DACH01;14260932;1;5000;STC;SCC;03510;
372;5;130;WADKASAD17;ADAPTER TURBO PROSTY 60/100-80/125;825080430;DO ARISTON GENUS PREM.EVO;B;1.000;;1160606;WAWR01;14209086;1;2000;STC;SCC;03510;
373;5;130;#HRZ5;REG.RÓŻNICY CIŚNIENIA TYP 4002 DN20;1400242;5-30KPA;;5.000;;1140826;HEWI01;14031014;1;3000;STE;SCE;03675;
374;5;130;RMPSKZ088;KOŁNIERZ ZACISKOWY PN16 88.9 STEEL;393088000;STAL WĘGLOWA;B;2.000;;1160108;RMMA01;14163717;1;6000;STA;SCA;03826;
375;5;130;CCKON338Y1;KONSOLA ŚCIENNA DO GRZEJNIKA SENIOR;103381;L= 65- 80MM (2 UCHWYTY + 2 WSPORNIKI);B;5.000;;1150410;WEVE01;14094742;1;10000;STC;SCC;03748;
376;5;130;GEMSCZL21712;ZŁĄCZKA 66,7x2 1/2" GZ C-STAHL;21712;MAPRESS STAL WĘGLOWA;B;4.000;;1161130;GEWA01;14263298;1;1000;SXE;SCE;03513;
377;5;130;SOC60140;ZAWÓR ZWROTNY 601 DN 40 11/2"GW PN10;149B2508;TMAX= 80°C GRZYBKOWY               SOCLA;B;2.000;;1131113;DACH01;13070617;1;8000;STE;SCE;03675;
378;5;130;BNCHR1520;REDUKCJA CHROMOWANA 1/2"x3/4";5901844423053;;B;3.000;;1160621;WAWA01;14209713;1;34000;SXB;SCB;03648;
379;5;130;SNPGL9035;ŁUK 90° DWUKIELICHOWY 35;110002A35;MIEDZIANY SANHAPRESS GAZ 10000 I 11000;B;1.000;;1160909;SALE01;14218489;1;3000;SXA;SCA;03821;
380;5;130;#OSCNA;ZESTAW ZAWOROWY DO INST.DWURUROWEJ;AZ1TP00GG00010A0;KĄTOWY;;1.000;;1131114;VNWA01;13135494;1;1000;SXB;SCB;03747;
381;5;130;#BMEWS;PRZEDŁUŻKA DO WODOMIERZA DN.3/4" L=60MM;5907738164576;UWAGA-KALK.OD C.ZAKUPU;;1.000;;1140723;BMTR01;14027950;1;5000;SH2;SHB;03630;
382;5;130;5090D12;KOLANO 90° DWUKIELICHOWE 12        CU;5090012000000;MIEDZIANE;B;10.000;;1140317;IBPO02;14000117;1;1000;SH2;SHA;03511;
383;5;130;#INS01;GRZAŁKA ELEKTRYCZNA HOT2 BIAŁA;INS01;S,ELECTRO,HEAT UP,BOUTIQUE;;1.000;;1110923;IPWL01;9051171;1;1000;SXB;SCB;03676;
384;5;130;*WAD004;E-OSŁONA 300;;;;1.000;;1080130;WAWR01;3263265;1;2000;TMP;TMP;03513;
385;5;130;*OV05;SAMOPRZYLEPNA SZYNA MOCUJĄCA DO RUR GRZE;1402581;JNYCH 16MM;;100.000;;1080130;OVST01;3263265;1;5000;TMP;TMP;03513;
386;5;130;#DV10;KOLANO 80/125 90 ST;08510100;Cennik 18.05.2014;;2.000;;1080130;VAWA01;3263265;1;19000;TMP;TMP;03513;
387;5;130;*VGSO;SYFON NATYNKOWY 11/4x32MM Z ŁUKIEM ODPŁ.;;MOSIĄDZ/CHROM;;1.000;;1090306;VIWA01;4764297;1;2000;S99;S99;03823;
388;5;130;#RCCE7;MECHANIZM 3/6L HALL;;CENNIK 01.04.2016;;1.000;;1110224;ROGW02;7987376;1;5000;TMP;TMP;03719;
389;5;130;#RCB2;BATERIA BIDETOWA MOAI;;CENNIK 01.02.2012;;1.000;;1110224;ROGW02;7987376;1;6000;TMP;TMP;03719;
390;5;130;#XX;NATRYSK BEZPIECZEŃSTWA ZESTAW KOMBINOW.;;4260;;1.000;;1110224;OCGD01;7987376;1;13000;TMP;TMP;03719;
391;5;130;*AFRA;ZAWÓR MIESZAJĄCY TERM. VTA272 GZ 1";;20÷40°C Kvs=3,6 DO OGRZEWANIA PODŁOG.;;2.000;;1110224;AFCZ01;7987376;1;19000;TMP;TMP;03719;
392;5;130;*AFRA;TZM VTA 272 20-40°C GWINT ZEW. 1" KVS 3;;(478FL);;2.000;;1110224;AFCZ01;7987376;1;21000;TMP;TMP;03719;
393;5;130;*AFRA;ZAWÓR MIESZAJĄCY TERM. VTA223 CPF 28MM;;20÷40°C Kvs=3,0;;3.000;;1110224;AFCZ01;7987376;1;22000;TMP;TMP;03719;
394;5;130;*WADT;RURA WYLOTOWA SPALINOWA TURBO 110MM L=1M;;WADEX;;5.000;;1111214;WAWR01;9520047;1;1000;TMP;TMP;03716;
395;5;130;*DA03A;PODWÓJNY KUREK KULOWY RLV-KS KĄTOWY 20;;3/4" NIKLOWANY;;117.000;;1160125;DACH10;13002200;1;28000;STB;SCB;03740;
396;5;130;RFR14B;RURA PEXB/AL/PEXB 14x2.0 200M WIELOW.;TTB1014;TWEETOP;B;200.000;;1120626;TWSZ01;10495130;1;1000;STE;SCE;03513;
397;5;130;GEPEZS35001;ZESTAW UZUPEŁNIAJĄCY TARASOWY;359635001;.;B;5.000;;1150505;GEWA01;14098201;1;1000;STE;SCE;03513;
398;5;130;TCORPWY;POMPA ELEKTRONICZNA WILO YONOS PARA 15/6;77840018;Z KONEKTOREM WS8 KABLEM PRZYŁ.I ZABEZP.T;B;1.000;;1161216;TEST01;14272584;1;1000;STE;SCE;03513;
399;5;130;*MEISM;PRZYŁĄCZE STOŻKOWE DO ZŁĄCZA 3/4";;;;10.000;;1161215;MELE01;14271072;1;1000;SXA;SCA;03826;
400;5;130;OD65E;FILTR DO WODY 21/2" SKOŚNY SIATKOWY;104120651610;ART 412 PN16 TMAX=120°C;B;2.000;;1161116;EFPO01;14259008;1;40000;STE;SCE;03513;
401;5;130;TCSIP242140;PRZYCISK TCAMBIA  PISUAR  BIAŁY ANTYBAKT;9242140;ERYJNY;B;1.000;;1151005;TEST01;14138981;1;2000;STC;SCC;03727;
402;5;130;BRXB956680;*USZCZELKA POKRYWY OTWORU REWIZYJNEGO DO;956680;BS 120/160 C;B;1.000;;1150924;BRRA01;14134817;1;1000;SXE;SCE;03513;
403;5;130;#BRXB;ADAPTER SPALINOWO-POWIETRZNY;998239;(Grupy rabatowe 21-41);;1.000;;1150908;BRRA01;14121915;1;1000;STE;SCE;03678;
404;5;130;ZZM65;ZAWÓR ZWROTNY 21/2"Z MOSIĘŻNYM GRZYBKIEM;040200650000;PHA-020 PN8 TMAX=100°C;B;2.000;;1160613;PEPO02;14210592;1;1000;STE;SCE;03675;
405;5;130;FIXFEPWST;PRZYŁĄCZE WĘŻA FIXFIT E STOP Z ZAWOREM;27452000;ZWROTNYM Z ZAWOREM ODCINAJĄCYM CHROM;B;1.000;;1160620;HATA01;14209713;1;27000;SXB;SCB;03648;
406;5;130;VRG13150E;ZAWÓR VRG131 DN50 KVS=40.00 RP2;11603600;ZAWÓR MIESZAJĄCY 3 DROGOWY;B;1.000;;1150608;ESPO01;14109076;1;1000;STE;SCE;03513;
407;5;130;*GEXX;CZĘŚĆ ZAMIENNA GEBERIT 240501001;;;;1.000;;1131029;GEWA01;13025370;1;1000;STX;STX;03648;
408;5;130;GEXX24050000;CZĘŚĆ ZAMIENNA GEBERIT 240500001;240500001;GNIAZDO ZAWORU SPUSTOWEGO;B;1.000;;1131029;GEWA01;13025370;1;2000;STX;STX;03648;
409;5;130;*GEXX;CZĘŚĆ ZAMIENNA GEBERIT 240282001;;;;1.000;;1131029;GEWA01;13025370;1;3000;STX;STX;03648;
410;5;130;GEMSEZL31704;ZŁĄCZKA 18x1/2" GZ STAL SZLACHETNA;31704;MAPRESS;B;1.000;;1161215;GEWA01;14270767;1;8000;STE;SCE;03513;
411;5;130;BRXTE928502;*DYSZA  2.30MM GZ50 TE 8-62;928502;;B;2.000;;1161215;BRRA01;14269738;1;1000;STE;SCE;03513;
412;5;130;#OV05;WKŁADKA M30X1,5 DO GRZEJNIKA VNH;1654398;CENNIK 01.01.2016;;11.000;;1140821;OVST01;14035402;1;1000;STA;SCA;03826;
413;5;130;HGXXDP40418000;DOZOWNIK PŁYNU HANSGROHE BLATOWY;40418000;CHROM;B;1.000;;1161205;HATA01;14220847;1;4000;STE;SCE;03513;
414;5;130;RAKGP15;ZAWÓR RA-K DN15 1/2" PROSTY;013G3363;ZE ZŁĄCZKĄ, NAKRĘTKĄ I KOLANEM;B;5.000;;1150413;DACH10;14095229;1;1000;STA;SCA;03826;
415;5;130;RTDK20A;ZAWÓR ROZDZIELAJĄCY Z ODCIĘCIEM RA-K P;013G3367;SYSTEM 2-RUROWY PRZYŁĄCZE OD PODŁOGI;B;6.000;;1150413;DACH10;14095229;1;3000;STA;SCA;03826;
416;5;130;VGZO108519;ZAWÓR ODPŁYWOWY 11/2x70 Z KORKIEM,OGNIW.;108519;TWORZYWO/BIAŁY;B;2.000;;1151113;VIWA01;14150382;1;1000;SXB;SCB;03332;
417;5;130;VTA5321530;ZAWÓR VTA532 DN15 KVS=2.2 30-50°C G1+G3/;31641200;4 ZAWÓR MIESZAJĄCY TERMOSTATYCZNY;B;1.000;;1161117;ESPO01;14262324;1;1000;STE;SCE;03675;
418;5;130;JS40NK16ZB1;WODOMIERZ JS NK 16M3/H DN40 30°;614867010012;G2" 10L/IMP MASTER C+ R160;B;1.000;;1161014;POPO01;14093878;1;9000;STB;SCB;03740;
419;5;130;PURAVRN1SB;RĄCZKA NATRYSKOWA PURAVIDA 1JET;28558400;BIAŁY/CHROM;B;1.000;;1161205;HATA01;14265625;1;1000;STE;SCE;03513;
420;5;130;GEPEPL26261;PŁYTKA MONTAŻOWA PROSTOKĄTNA 1/2";362826261;.;L;4.000;;1140918;GEWA01;14039997;1;35000;STA;SCA;00001;
421;5;130;ZMS32;ZAWÓR KULOWY WODA 11/4 ZE SPUSTEM MUFOWY;100650322010;RĄCZKA ART65RU TMAX=80°C PN25;B;2.000;;1161005;EFPO01;14231826;1;38000;STE;SCE;03513;
422;5;130;#BRBA1;KABEL ZAPŁONOWY ENERGY KOMFORT;;H;;2.000;;1141119;BABA01;14059240;1;1000;TMP;TMP;03740;
423;5;130;TWZV10CH;WIESZAK PUNKTOWY ZIP PIONOWY CHROM 10;WRWZIP009CRO;.;B;4.000;;1161213;TEGD01;14268251;1;1000;SXB;SCB;03332;
424;5;130;*WADT;ADAPTER TURBO ROZDZIELACZ II 60/100 2x80;;.;;1.000;;1150921;WAWR01;14134798;1;2000;STE;SCE;03513;
425;5;130;UCOASMR16;MODUŁ ROZSZERZAJĄCY M160 6X SMATRIX WAVE;1071659;;B;1.000;;1161216;UPSO01;14270228;1;3000;STA;SCA;03826;
426;5;130;UCOASGL;GŁOWICA TERMOSTATYCZNA T-162 SMATRIX;1071660;WAVE;B;1.000;;1161216;UPSO01;14270228;1;4000;STA;SCA;03826;
427;5;130;UCOASTDRHS;TERMOSTAT D+RH T-167 SZARY  SMATRIX WAVE;1071674;PLUS;B;8.000;;1161216;UPSO01;14270228;1;5000;STA;SCA;03826;
428;5;130;WBZGZ2520;ZŁĄCZKA Q&E GZ 25x3/4" MOSIĘŻNA PE-XA/RS;1047862;;L;5.000;;1150626;UPSO01;14114731;1;6000;STE;SCE;03513;
429;5;130;#WB;ZŁĄCZKA ŁĄCZĄCA PESZEL M7 25-28 MM;1062956;B1 RURY MP3,AKCES.RHC,PANELE,TABS 51%;;4.000;;1150626;UPSO01;14114731;1;11000;STE;SCE;03513;
430;5;130;VR323;MODUŁ KASKADOWY VR 32/3 DO KOTŁÓW ZE;0020139895;ZŁĄCZEM E-BUS, DO ZABUDOWY W KOTLE.;B;1.000;;1161124;VAWA01;14262874;1;2000;STA;SCA;03826;
431;5;130;RECOVAIRG15;GRZAŁKA WSTĘPNA 1.5KW DLA VAR 360/4;0020180799;.;B;1.000;;1161124;VAWA01;14262874;1;3000;STA;SCA;03826;
432;5;130;GEPEKO90110;KOLANO HDPE 90° 110;367088161;;B;2.000;;1161028;GEWA01;14251724;1;7000;STA;SCA;03826;
433;5;130;RFZGW3225;ZŁĄCZKA ZACISKANA GW 32x1";06011329;MOSIĄDZ TWEETOP;B;10.000;;1140128;TWSZ01;13391275;1;64000;SXE;SCE;03747;
434;5;130;*ZKCZL;ODPŁYW Z POKRYWĄ CHROMOWANĄ, ROZETA;;Z TWORZYWA;;1.000;;1151204;SKKO02;14162154;1;1000;SXB;SCB;03673;
435;5;130;#REMF;SPRĘŻYNA DO SZCZĘK;0610629;;;6.000;;1161216;REPR01;14265705;1;1000;SXA;SCA;03826;
436;5;130;WADKASAD5;ADAPTER TURBO    2x80  TYP II G-B BROTJE;833080400;DO KOTŁA  80/125 SPALINY-GÓRA POW.-BOK;B;1.000;;1161216;WAWR01;14272430;1;1000;STE;SCE;03513;
437;5;130;KXNW27192;NASADKA Z KRATKA SZCZELINOWĄ D=120;27192;DO WYKŁADZIN PODŁOGOWYCH;B;1.000;;1140402;KEWA01;14001990;1;1000;STA;SCA;03826;
438;5;130;SLSU01505;SYFON UMYWALKOWY 1/4x11/4 QUAD BEZ GŁ.;015050699;CHROM SCHELL;B;1.000;;1160318;SCWR01;14181200;1;6000;SXB;SCB;03332;
439;5;130;REMWO22;WIERTŁO OBŁE 22;172265;;B;1.000;;1151005;REPR01;14137444;1;2000;SH2;SHA;03630;
440;5;130;REMWP22;WIERTŁO PROSTE 22;172250;;B;1.000;;1151005;REPR01;14137444;1;3000;SH2;SHA;03630;
441;5;130;WRKRO32250;KRÓCIEC STALOWY OCYNK 2 GWINT 11/4" 250;WRKRSO032F;OCYNKOWANY;B;2.000;;1140901;RYBY01;14039259;1;23000;TMP;TMP;03514;
442;5;130;VINDOTD;GŁOWICA VINDO TD 7-28°C ZŁĄCZE RA BIAŁA;1013076;TERMOSTATYCZNA CIECZOWA Z 0 DO CN;B;38.000;;1160920;OVST01;14228944;1;3000;STE;SCE;03513;
443;5;130;LB60020O;IZOLACJA WYMIENNIKA LB60  10- 20;21020066;.;B;1.000;;1160202;SEGD01;14161347;1;3000;STE;SCE;03675;
444;5;130;#011;ATEST INSPEKTORA UDT;;;;1.000;;1160426;ZEKL01;14193745;1;7000;SXA;SCA;03826;
445;5;130;TALEBUST80;! BATERIA UMYWALKOWA TALIS E 80 STOJĄCA;71700000;Z/MECH. ZAM. CHROM;B;1.000;;1161021;HATA01;14250828;1;16000;STE;SCE;03513;
446;5;130;CROMAZW1251;ZESTAW NATRYSKOWY CROMA100 1 JET;27574000;PORTER'S Z WĘŻEM 1,25M CHROM;B;1.000;;1161021;HATA01;14250828;1;29000;STE;SCE;03513;
447;5;130;VAI009535;CZUJNIK TEMP.ZEW.Z ODBIOR.SYG.;009535;DATY I CZASU DCF;B;1.000;;1161118;VAWA01;14261102;1;1000;STE;SCE;03513;
448;5;130;JS1615C;WODOMIERZ JS GSD8 1.6M3/H DN15 90°;5907738167751;110-G3/4" MID R100/50;B;3.000;;1161014;BMTR01;14250299;1;2000;STE;SCE;03513;
449;5;130;TCSIP240402;PRZYCISK TECENOW  3/6L CHROM MATOWY;9240402;;B;1.000;;1160808;TEST01;14224843;1;2000;SXC;SCC;03843;
450;5;130;GEPEOE200;OPASKA ELEKTROZGRZEWALNA HDPE 200;370776161;.;B;1.000;;1150112;GEWA01;14073834;1;70000;STC;SCC;03748;
451;5;130;GEPERE0142;REDUKCJA HDPE CENTRYCZNA 160x110;369535161;.;B;2.000;;1161011;GEWA01;14243406;1;100;STC;SCC;00001;
452;5;130;WHITEWP17075L;WANNA PROSTOKĄTNA WHITE 170x75 LEWA;610847011001000;BIAŁA ODPŁYW CENTRALNY;L;1.000;;1151222;SAST01;14138567;1;34000;TMP;TMP;03332;
453;5;130;VSC20645P13Y;KOCIOŁ VSC 206/4-5 150+ ZESTAW;0010022820;PODSTAWOWY DO SYSTEMU SZACHTU;B;2.000;;1161103;VAWA01;14256902;1;1000;STB;SCB;03737;
454;5;130;#KCKN;KABINA PÓŁ.ASYMETRYCZNA EDITION 900*1950;;SREBNY MAT.;;1.000;;1110224;SKKO01;7987376;1;9000;TMP;TMP;03719;
455;5;130;#ZNGK3;GRZEJNIK ZEHNDER NOVA NHLH42/21 (1471W);NHLH42211700543CR9016;H=425MM L=1700MM COMPLETTO 543C RAL9016;;1.000;;1140331;ZEWR01;14003240;1;3000;TMP;TMP;03673;
456;5;130;BRXTE948265;*AUTOMAT PALNIKOWY LGC 22 TE 16-150   TE;948265;;B;1.000;;1140131;BRRA01;13438668;1;1000;TMP;TMP;03747;
457;5;130;GESIPLPD20461;PRZYCISK DELTA11 STOP CHROM MAT;115120461;TWORZYWO UP100;B;1.000;;1151201;GEWA01;14155932;1;1000;SXC;SCC;03843;
458;5;130;#KLAS;POKRĘTŁO DO BATERII;76690;CENNIK 2016 OD 15.04.2016;;2.000;;1161214;KLOP01;14265966;1;2000;SXB;SCB;03648;
459;5;130;#WB;UPONOR SMATRIX SIŁOWNIK RETROFIT;1083575;B1 RURY MP3,AKCES.RHC,PANELE,TABS 51%;;10.000;;1161213;UPSO01;14270228;1;1000;STA;SCA;03826;
460;5;130;HGEPZP13595000;ZESTAW PRZEDŁUŻAJĄCY 25MM DO IBOX;13595000;.;B;1.000;;1160222;HATA01;14180435;1;1000;STC;SCC;03648;
461;5;130;*BWWI;LAMPA UV  20 (1.75 M3/H);;;;1.000;;1150701;BWWA01;14115620;1;1000;SXB;SCB;03740;
462;5;130;CW100;REGULATOR POGODOWY CW100;7738111036;NAŚCIENNY Z PROGRAMEM TYGODNIOWYM;B;1.000;;1161201;BOWA02;14246473;1;2000;STC;SCC;03510;
463;5;130;SNPGLN4542;ŁUK 45° NYPLOWY  42;11004042;MIEDZIANY SANHAPRESS GAZ 10000 I 11000;B;1.000;;1160617;SALE01;14209329;1;7000;SXC;SCC;03843;
464;5;130;EFA15;ZŁĄCZKA ŻELIWNA A 1/2";011500001;DO RUR STALOWYCH;B;10.000;;1161213;GEMA01;14265641;1;2000;STE;SCE;03513;
465;5;130;EFI25;ZŁĄCZKA ŻELIWNA I 1";011500103;DO RUR STALOWYCH;B;10.000;;1161213;GEMA01;14265641;1;10000;STE;SCE;03513;
466;5;130;JFKOQ080;KOLANO ŻELIWNE Q DN80 DWUKOŁNIERZ.;92070080G;NR KAT. 9207 GGG40;B;1.000;;1161212;JAJA01;14269574;1;1000;STE;SCE;03675;
467;5;130;JFKOQ100;KOLANO ŻELIWNE Q DN100 DWUKOŁNIERZ.;92070100G;NR KAT. 9207 GGG40;B;1.000;;1161212;JAJA01;14269574;1;3000;STE;SCE;03675;
468;5;130;KASRED060080;REDUKCJA SPALINOWA TURBO  60/ 80 N/K;821060080;WADEX;B;1.000;;1160927;WAWR01;14244139;1;1000;TMP;TMP;03737;
469;5;130;TCSIM242352;ELEKTRONICZNY CZUJNIK PISUAR. TECEPLANUS;9242352;STAL SZCZOTK.(KOMPL.Z 1101617) 230V;B;1.000;;1161202;TEST01;14265149;1;1000;STX;STX;03332;
470;5;130;*WADT;KOLANO Z WYCZYSTKĄ TURBO 110;;WADEX SPALINOWE;;1.000;;1160809;WAWR01;14225903;1;6000;STB;SCB;03740;
471;5;130;SPKPDK110;PŁYTA DACHOWA Z KOŁNIERZEM SPUK 110;311110000;WADEX;B;1.000;;1160809;WAWR01;14225903;1;10000;STB;SCB;03740;
472;5;130;#MEI0;WTYCZKA DO SKRZYNKI ELEKTRYCZNEJ;45095101;POMPY ALPHA 2 25-60;;1.000;;1140321;MELE01;14001170;1;1000;STB;SCB;03514;
473;5;130;GEBANB8032;OBEJMA ŻELIWNA ANB GW 3"x11/4";01261280804;DO RUR STALOWYCH;B;1.000;;1140428;GEMA01;14009501;1;1000;STC;SCC;03842;
474;5;130;ED2MV18A6;ZAWÓR 3-DROGOWY;ED2MV18A6;DO KLIMAKONWEKTORÓW 2-RUROWYCH;B;1.000;;1160531;DAWA01;14204752;1;2000;STE;SCE;03513;
475;5;130;SYRZBCO32040;ZAWÓR BEZPIECZEŃSTWA 1915 11/4"   4.0BAR;191532152;MEMBRANOWY DO CO TMAX=140°C;B;4.000;;1161212;HUKR01;14270090;1;6000;STC;SCC;03510;
476;5;130;SQ340;POMPA GŁĘBINOWA SQ 3-40;96510205;.;B;1.000;;1161007;GRPR01;14244575;1;1000;STE;SCE;03513;
477;5;130;ERT20RF;TERMOSTAT ERT20RF DOBOWY BEZPRZEWODOWY;ERT20RF;SALUS;L;1.000;;1141104;QLPS02;14056152;1;1000;SXE;SCE;03513;
478;5;130;SN6002A42;ŁUK 90° DWUKIELICHOWY 42;16002A42;MIEDZIANY SANHA-PRESS 6000;B;6.000;;1161213;SALE01;14263672;1;5000;SXB;SCB;03737;
479;5;130;EFA10;ZŁĄCZKA ŻELIWNA A 3/8";011500000;DO RUR STALOWYCH;B;10.000;;1161129;GEMA01;14265641;1;1000;STE;SCE;03513;
480;5;130;EFA20;ZŁĄCZKA ŻELIWNA A 3/4";011500002;DO RUR STALOWYCH;B;10.000;;1161129;GEMA01;14265641;1;3000;STE;SCE;03513;
481;5;130;EFA25;ZŁĄCZKA ŻELIWNA A 1";011500003;DO RUR STALOWYCH;B;10.000;;1161129;GEMA01;14265641;1;4000;STE;SCE;03513;
482;5;130;EFA32;ZŁĄCZKA ŻELIWNA A 11/4";011500004;DO RUR STALOWYCH;B;5.000;;1161129;GEMA01;14265641;1;5000;STE;SCE;03513;
483;5;130;EFI10;ZŁĄCZKA ŻELIWNA I 3/8";011500100;DO RUR STALOWYCH;B;10.000;;1161129;GEMA01;14265641;1;7000;STE;SCE;03513;
484;5;130;EFI15;ZŁĄCZKA ŻELIWNA I 1/2";011500101;DO RUR STALOWYCH;B;4.000;;1161129;GEMA01;14265641;1;8000;STE;SCE;03513;
485;5;130;EFI20;ZŁĄCZKA ŻELIWNA I 3/4";011500102;DO RUR STALOWYCH;B;10.000;;1161129;GEMA01;14265641;1;9000;STE;SCE;03513;
486;5;130;EFI32;ZŁĄCZKA ŻELIWNA I 11/4";011500104;DO RUR STALOWYCH;B;5.000;;1161129;GEMA01;14265641;1;11000;STE;SCE;03513;
487;5;130;#ORAS2;ORAS BLOKADA WYLEWKI 100ST;159426/10;CENNIK 01.01.2016;;86.000;;1160309;OROL01;14182406;1;10000;SXA;SCA;03740;
488;5;130;TCTT20;TRÓJNIK 20(18) TWORZYWO TECEFLEX;730920;.;B;50.000;;1160829;TEST01;14232416;1;1000;STE;SCE;03513;
489;5;130;OVHCZ02;OSPRZĘT-ZESTAW 2: (HYDROCONTROL);1060281;2 ZAWORY POMIAROWE G 1/4"  CLASSIC;B;13.000;;1161213;OVST01;14269344;1;1000;STE;SCE;03513;
490;5;130;OVGB;GŁOWICA UNI LH 7-28°C M30x1.5   BIAŁA;1011465;TERMOSTATYCZNA CIECZOWA Z 0;B;60.000;;1161213;OVST01;14269184;1;1000;STE;SCE;03513;
491;5;130;KASK90110;KOLANO SPALINOWE TURBO 90° 110;810110000;WADEX;B;1.000;;1140922;WAWR01;14044522;1;1000;STC;SCC;03748;
492;5;130;TA52265032;REGULATOR RÓŻNICY CIŚNIEŃ STAP DN 32;52265032;20- 80kPA GW;B;3.000;;1160517;IMOL01;14203406;1;2000;SXE;SCE;03513;
493;5;130;EMCL90E;ŁĄCZNIK KĄTOWY DO SZYN C-CK-CK P-CS EQ C;587510;L90;B;25.000;;1161115;ERWR01;14254551;1;2000;STE;SCE;03513;
494;5;130;TCTT201616;TRÓJNIK REDUKCYJNY 20x16x16 TWORZYWO TEC;730508;EFLEX;B;50.000;;1160912;TEST01;14238223;1;1000;STE;SCE;03675;
495;5;130;TCTT202016;TRÓJNIK REDUKCYJNY 20x20x16 TWORZYWO TEC;730511;EFLEX;B;50.000;;1160912;TEST01;14238223;1;2000;STE;SCE;03675;
496;5;130;HAFASO0203;ŚCIANKA CZOŁOWA FASERFIX-SUPER 200 TYP;3083;020  3083;B;1.000;;1161215;HAPO01;14270857;1;1000;SH2;SHA;03630;
497;5;130;GESIPLPK81SI1;PRZYCISK OMEGA60 3/6L BIAŁY;115081SI1;;B;2.000;;1160524;GEWA01;14200088;1;3000;SXB;SCB;03332;
498;5;130;IOZW;ZAMKNIĘCIE WLEWU PALIWA 2" x 21/2";2010053;DLA WLEWU Z USZCZELNIENIEM STOŻKOWYM;B;1.000;;1161117;OVST01;14261689;1;10000;STE;SCE;03675;
499;5;130;GEPERE0133;REDUKCJA HDPE CENTRYCZNA 110x 50;367560161;.;B;5.000;;1150706;GEWA01;14116486;1;1000;SH2;SHA;03630;
500;5;130;SNSDR22S01;O-RING SOLARNY FPM/FKM CZERWONY DN22;DR22S01;;B;30.000;;1161213;SALE01;14269747;1;1000;STB;SCB;03740;
501;5;130;SN6002A42;ŁUK 90° DWUKIELICHOWY 42;16002A42;MIEDZIANY SANHA-PRESS 6000;B;2.000;;1161213;SALE01;14260871;1;1000;SXC;SCC;03843;
502;5;130;RFZGW4032;ZŁĄCZKA ZACISKANA GW 40x11/4";06011331;MOSIĄDZ TWEETOP;B;1.000;;1151127;TWSZ01;14156954;1;4000;STE;SCE;03675;
503;5;130;TCSIP242100;PRZYCISK TCAMBIA  PISUAR  BIAŁY;9242100;TWORZYWO;B;1.000;;1161202;TEST01;14267567;1;4000;STE;SCE;03513;
504;5;130;RAW5215;GŁOWICA RAW 5215 VERSA  8-28°C RTD;013G5215;TERMOSTATYCZNA CIECZOWA BIAŁA 9016;B;4.000;;1161213;DACH10;14270686;1;1000;SXA;SCA;03826;
505;5;130;*WADT;ADAPTER TURBO/TRÓJNIK Z DEKLEM 60/100;;DE DIETRICH;;1.000;;1161121;WAWR01;14258436;1;2000;SXA;SCA;03826;
506;5;130;GEPEUC40K;UCHWYT DO RUR HDPE 40 1/2";360841002;REGULOWANY;B;30.000;;1161205;GEWA01;14213551;1;20000;STC;SCC;03510;
507;5;130;GEPEUC40;UCHWYT DO RUR HDPE 40 M10;360843002;REGULOWANY;B;70.000;;1160627;GEWA01;14213551;1;21000;STC;SCC;03510;
508;5;130;GEPEUC56K;UCHWYT DO RUR HDPE 56 1/2";363841002;REGULOWANY;B;10.000;;1160627;GEWA01;14213551;1;29000;STC;SCC;03510;
509;5;130;GESIPLPK80KN1;PRZYCISK OMEGA30 3/6L CHROM MAT;115080KN1;PRZYCISKI CHROM MAT UP200;B;1.000;;1160927;GEWA01;14241074;1;4000;SXC;SCC;03510;
510;5;130;*ZKCZL;NIVEN LISTWA MAGNETYCZNA;;CENNIK 01.02.2015;;1.000;;1150814;SKKO02;14125994;1;3000;STB;SCB;03679;
511;5;130;*ZKKCZ1L;NIVEN FKPF:ZESTAW MONTAŻOWY;;( MONTAŻ KABINY DO ŚCIANY);;1.000;;1150814;SKKO02;14126956;1;1000;STB;SCB;03679;
512;5;130;GAZDK1NSGZ;DOMOWY DETEKTOR DK-1.NS/GZ 230V;DK1NSGZ;GAZEX;B;1.000;;1140804;GAWA01;14031960;1;1000;SXE;SCE;03513;
513;5;130;SOC462100;ZAWÓR ZWROTNY 462 DN100 PN16;149B3754;TMAX=100°C GRZYBKOWY KOŁNIERZOWY   SOCLA;B;1.000;;1161129;DACH01;14259008;1;51000;STE;SCE;03513;
514;5;130;URAC100;PRZEPUSTNICA URANIE DN100 PN16;149G010955;TMAX=120°C NAPĘD RECZNY DŹWIGNIOWY SOCLA;B;5.000;;1161122;DACH01;14259008;1;49000;STE;SCE;03513;
515;5;130;#REMF;SPRĘŻYNA DO CĘG;061029;;;4.000;;1140731;REPR01;14028829;1;1000;SXC;SCC;03675;
516;5;130;DVREXCONE;REGULATOR POKOJ.EXACONTROL-E MODULACYJNY;0020017839;;B;2.000;;1160930;VAWA01;14239334;1;5000;STE;SCE;03675;
517;5;130;#HUAK;NÓŻKI DO BRODZIKA > 1200MM;508063000;CENNIK 2016;;1.000;;1140616;HUPO01;14008909;1;20000;TMP;TMP;03534;
518;5;130;#HWAN;PRZYCISK FUN.DO SPŁUKIWANIA WODY ELEK.;80250030R97;JASNY SZARY;;1.000;;1071218;HEAR01;3137152;1;1000;GR4;GR4;03650;
519;5;130;#TMGR3;TERMA TRADE ADAPTERY CHROM KOMPLET;ADAPTERY KOMPLET CHROM;;;1.000;;1080130;TEGD01;3263265;1;3000;TMP;TMP;03513;
520;5;130;#BRXC;ZAWÓR GAZOWY KOMPLETNY WGB 2N.50;638975;(Grupy rabatowe 42-105);;1.000;;1091218;BRRA01;6068078;1;4000;TMP;TMP;03674;
521;5;130;#BRXC;SILNIK 230V 30S  90ST.;611602;STA 30 B2 230 V;;1.000;;1110224;BRRA01;7987376;1;24000;TMP;TMP;03719;
522;5;130;*DA08N;ECL COMFORT 110 Z PROGRAMEM CZASOWYM-230;;;;1.000;;1110803;DACH10;8742171;1;3000;STC;SCC;03515;
523;5;130;#WADT;RURA WYLOTOWA 110 X 160 X 1000;836160000;CENNIK 01.04.2011;;1.000;;1111114;WAWR01;9276097;1;4000;STC;SCC;03515;
524;5;130;*DA03A;ZŁĄCZKA ZACISK.GW.WEW.G3/4-RURA 16X2 PEX;;;;8.000;;1131122;DACH10;11027502;1;4000;STE;SCE;03513;
525;5;130;*SLAD4;WĄŻ W OPL.NAKR-NAKR. 500MM,1/2x1/2";;.;;2.000;;1121107;SCWR01;11273774;1;1000;SXC;SCC;03515;
526;5;130;#TMGR2;KONSOLA DO GRZEJN.RUCHOMA PROSTA BIAŁA;TMGR2;(4 SZT.);;1.000;;1130305;TEGD01;11797447;1;1000;SXE;SCE;03513;
527;5;130;#VGSO;SYFON CZĘŚĆ ZAMIENNA DO ODWODNIENIA;686376;ADVANTIX VARIO 4965.10;;1.000;;1130405;VIWA01;11934451;1;1000;SXC;SCC;03531;
528;5;130;#BN5;KAPA 28 DO GAZÓW MEDYCZNYCH;MG53010280000;;;1.000;;1130919;IBPO02;12709654;1;4000;STA;SCA;03821;
529;5;130;#OSCNA;ZESTAW ZAWOROWY DO INST.DWURUROWEJ;AZ1TP00GG00010A0;KĄTOWY;;1.000;;1131114;VNWA01;13135494;1;2000;SXB;SCB;03747;
530;5;130;*WADT;RURA WYLOTOWA SPAL-POW TURBO 110/16;;WADEX L=1000;;1.000;;1131216;WAWR01;13235282;1;6000;SXA;SCA;03821;
531;5;130;#ZTZ;FILTR SKOŚNY KOŁNIERZOWY FIG 821 DN100;;ŻELIWO SFERO. PN16  CENNIK 804PP;;1.000;;1140317;ZEKL01;14000114;1;1000;SH2;SHA;03511;
532;5;130;BA2760DN40;ZAWÓR ANTYSKAŻENIOWY  BABM DN 40;149B3086;PN10 TMAX=65°C GZ/GZ               SOCLA;B;1.000;;1140317;DACH01;14000122;1;1000;SH2;SHA;03511;
533;5;130;*VGSO;MULTIPLEX TRIO 40/50;;MOSIĄDZ/CHROM;;1.000;;1081203;VIWA01;4465338;1;2000;STX;STX;03654;
534;5;130;#BRXC;ODPŁYW KONDENSATU SGB 250;958905;(Grupy rabatowe 42-105);;1.000;;1091218;BRRA01;6068078;1;1000;TMP;TMP;03674;
535;5;130;WADRR120140;REDUKCJA ROZCIĄGANA SPU 120/140 N/K;143120140;WADEX SPALINOWA;B;1.000;;1100401;WAWR01;6428451;1;1000;TMP;TMP;03740;
536;5;130;*WADT;USTNIK SPALINOWY IZOL.TURBO  110/150MM;;WADEX;;2.000;;1110913;WAWR01;8983386;1;1000;SXE;SCE;03515;
537;5;130;*WADT;KOLANO SPALINOWE IZOLOWANE TURBO 90°110/;;150MM, WADEX;;1.000;;1111214;WAWR01;8983386;1;4000;SXE;SCE;03515;
538;5;130;RHUL05L0;UCHWYT LUSTRA O GR.6MM 2-CZ. POŁ. LEWY;L1600520;B/LUS.WYM. 600x450MM Z REG. NACH. FUNKTI;B;1.000;;1120518;GEWA01;10165615;1;13000;STE;SCE;03513;
539;5;130;*WADT;USTNIK SPALINOWY IZOL.TURBO  110/150MM;;WADEX;;2.000;;1121002;WAWR01;10877651;1;1000;SXE;SCE;03740;
540;5;130;#REH;ZŁĄCZKA PRZEJSCIOWA MX 32-1 1/4 GZ;11393111001;RURY I KSZTAŁTKI;;2.000;;1121102;REPR02;11208933;1;12000;STE;SCE;03513;
541;5;130;#AFRC;TERMOSTAT BEZPIECZ 90-110 ST C  CE;TG9611133800A;RECZNY RESET;;4.000;;1080331;AFCZ01;3453159;1;1000;TMP;TMP;03513;
542;5;130;*AFRC;ZAW.ANTYL.MAV UNIVERSAL 0,4B 10L/H 3/8";;;;2.000;;1090403;AFCZ01;4918424;1;1000;STX;STX;03654;
543;5;130;#JS21;ZESTAW PRZEZBR.PROPAN ZBS 22/210S-3 MA;87190011540;SOLAR; CENNIK 2010-JUNKERS;;1.000;;1110315;BOWA02;8015170;1;2000;SXE;SCE;03515;
544;5;130;#YYI;TERMOMETR BIMETALICZNY 0-120*C TAR.100MM;;OF.00036515;;2.000;;1111020;KUWL02;8957671;1;29000;STE;SCE;03513;
545;5;130;#YYI;MANOMETR UNIWERSALNYZ KRÓĆCEM TYP 111;;OF.00036515  RADIALNY;;2.000;;1111020;KUWL02;8957671;1;30000;STE;SCE;03513;
546;5;130;#YYI;KUREK MANOMETRYCZNY TRÓJDROG;;OF.00036515;;2.000;;1111020;KUWL02;8957671;1;31000;STE;SCE;03513;
547;5;130;#CPKM;KOLANO Z ŁAPAMI 20 X 3/4";2PH2005;UWAGA-KALK.OD C.ZAKUPU;;50.000;;1111208;HEHE01;9496283;1;1000;STX;STX;03674;
548;5;130;*OV05;ZAWÓR KULOWY OPTIFLEX, MOSIĄDZ, DN 15, 1;1033814;"/2""GW, Z ZAŚLEPKĄ";;1.000;;1120301;OVST01;9821051;1;17000;STE;SCE;03513;
549;5;130;*KLAS;GŁOWICA CERAM. KLUDI DO BATERII 1-UCH.;;CHROM;;1.000;;1121120;KLOP01;11350398;1;1000;STX;STX;03335;
550;5;130;RANGKP10;ZAWÓR RA-N DN10 3/8" PROSTY;013G3902;KRÓTKI TERMOSTATYCZNY GRZEJNKOWY;B;1.000;;1130627;DACH10;12354241;1;1000;STE;SCE;03513;
551;5;130;RANGKK10;ZAWÓR RA-N DN10 3/8" KĄTOWY;013G0011;KRÓTKI TERMOSTATYCZNY GRZEJNKOWY;B;9.000;;1130627;DACH10;12354241;1;2000;STE;SCE;03513;
552;5;130;#TCSIP;PRZYCISK TECE SQUARE SZKŁO BIAŁE/STAL;9240801;;;1.000;;1131113;TEST01;13130485;1;1000;TMP;TMP;03531;
553;5;130;IDWKP100;ZAWÓR WKP2A DN100 WODA KOŁNIERZOWY;10010040160;KULOWY PEŁNOPRZELOTOWY PN25-40;B;1.000;;1150601;IDKR01;14106721;1;37000;STE;SCE;03513;
554;5;130;#YYI;WODOMIERZ AQUARIUS V3 DN.15 W.Z L=110;;Q3=2,5m3/h R100/400;;93.000;;1161202;MICI01;14253080;1;3000;STE;SCE;03513;
555;5;130;#YYI;WODOMIERZ AQUARIUS V3 DN.15 W.Z L=110;;Q3=2,5m3/h R100/400;;93.000;;1161202;MICI01;14253080;1;4000;STE;SCE;03513;
556;5;130;*VVB;BATERIA UMYWALKOWA ZEFIR NEW STOJĄCA;;BEZ/MECH.ZAM. CHROM;;58.000;;1161104;VAJO01;14255703;1;1000;STC;SCC;03510;
557;5;130;4060C23223;GRZEJNIK CHARLESTON C4060/23/223C;C406023223CRAL9016;ŻEBERKOWY COMPLETTO LEWY;B;1.000;;1161215;ZEWR01;14268306;1;1000;STA;SCA;03826;
558;5;130;4060C19223;GRZEJNIK CHARLESTON C4060/19/223C;C406019223CRAL9016;ŻEBERKOWY COMPLETTO LEWY;B;2.000;;1161215;ZEWR01;14268306;1;2000;STA;SCA;03826;
559;5;130;4060C16223;GRZEJNIK CHARLESTON C4060/16/223C;C406016223CRAL9016;ŻEBERKOWY COMPLETTO LEWY;B;1.000;;1161215;ZEWR01;14268306;1;3000;STA;SCA;03826;
560;5;130;GEPEZS04001;ZESTAW UZUPEŁN.TARASOWY LEKKI (DO 150KG);359504001;;B;16.000;;1160419;GEWA01;14195155;1;3000;STC;SCC;03510;
561;5;130;GEPEUC40K;UCHWYT DO RUR HDPE 40 1/2";360841002;REGULOWANY;B;10.000;;1160419;GEWA01;14195155;1;32000;STC;SCC;03510;
562;5;130;BRPLDWRF13513;REDUKCJA 135-130 DO KOTŁÓW BROTJE;143130135;.;B;1.000;;1161129;WAWR01;14261689;1;12000;STE;SCE;03675;
563;5;130;WADXZK130;ZAKOŃCZENIE DWW/SPU 130/200 K/K;2421300005;WADEX KIELICH-KIELICH;B;1.000;;1161129;WAWR01;14261689;1;13000;STE;SCE;03675;
564;5;130;WADXK45130;KOLANO SPALINOWE DWW 45° 130/200;2171300005;WADEX;B;1.000;;1161129;WAWR01;14261689;1;14000;STE;SCE;03675;
565;5;130;WADXT45130;TRÓJNIK SPALINOWY DWW 45° 130/200;2091300005;WADEX;B;1.000;;1161129;WAWR01;14261689;1;15000;STE;SCE;03675;
566;5;130;WADXW130;WYCZYSTKA SPALINOWA DWW 130/200;2111300005;WADEX;B;1.000;;1161129;WAWR01;14261689;1;16000;STE;SCE;03675;
567;5;130;WADXOD130;ODSKRAPLACZ SPALINOWY DWW 130/200;2141300005;WADEX;B;1.000;;1161129;WAWR01;14261689;1;17000;STE;SCE;03675;
568;5;130;WADXRU100130;RURA SPALINOWA DWW 130/200 L=1000;2031300005;WADEX;B;6.000;;1161129;WAWR01;14261689;1;18000;STE;SCE;03675;
569;5;130;WADXUP130;USTNIK POD PARASOL DWW 130/200;2021300005;WADEX SPALINOWY;B;1.000;;1161129;WAWR01;14261689;1;19000;STE;SCE;03675;
570;5;130;WADXOK130140;OBEJMA KONSTRUKCYJNA DWW 120-140/200;2262000005;WADEX;B;4.000;;1161129;WAWR01;14261689;1;21000;STE;SCE;03675;
571;5;130;WADXOS130140;OBEJMA SZEROKA DWW 70 200;2642000005;WADEX;B;6.000;;1161129;WAWR01;14261689;1;22000;STE;SCE;03675;
572;5;130;WADXPD200;PRZEJŚCIE DACHOWE DWW 0° 120-140/200;2312000005;WADEX;B;1.000;;1161129;WAWR01;14261689;1;23000;STE;SCE;03675;
573;5;130;WADXKO130140;KOŁNIERZ PRZECIWDESZCZOWY DWW 120-140/;2302000005;200 WADEX;B;1.000;;1161129;WAWR01;14261689;1;24000;STE;SCE;03675;
574;5;130;EPFA502;FILTR DO WODY EPURION  A50 -2    2";T2FSA50200;200 UM;B;1.000;;1161215;EPPO02;14263353;1;1000;STE;SCE;03513;
575;5;130;EPZ52143DE;ZMIĘKCZACZ EPUROTECH 52/143 DE;T2Z0030189DEP;;B;1.000;;1161215;EPPO02;14263353;1;2000;STE;SCE;03513;
576;5;130;EPFC05NW50;FILTR DO WODY CENTRIFUGES NW50   2";T2FWNW50;25 UM;B;1.000;;1161215;EPPO02;14263353;1;3000;STE;SCE;03513;
577;5;130;EPZEM32;ZAWÓR MIESZAJĄCY EPUROMIX 5/4";T2WZRTWO32;;B;1.000;;1161215;EPPO02;14263353;1;4000;STE;SCE;03513;
578;5;130;EPZEM50;ZAWÓR MIESZAJĄCY EPUROMIX      2";T2WZRTWO50;;B;1.000;;1161215;EPPO02;14263353;1;5000;STE;SCE;03513;
579;5;130;BX33ZU20CS;HYDRANT ZAWIESZANY FI33 L=20 CZERWONY;33H800BZ20CZSMUKLY;PATENT UNIWERSALNY 800x800x300 SMUKŁY;B;13.000;;1160901;BOPI01;14233444;1;1000;STE;SCE;03513;
580;5;130;CN33K400600;GRZEJNIK COSMO 33K 400x 600 (1162W);F1E3304006010000;PŁYTOWY;B;2.000;;1140130;VNWA01;13433434;1;5000;SXC;SCC;03748;
581;5;130;BRXB7646363;RURA POWROTNA DO WHBS 14 I 22 C;7646363;;B;1.000;;1151105;BRRA01;14153332;1;1000;TMP;TMP;03647;
582;5;130;BRXB7646365;RURA POWROTNA DO WHBC 22/24 C;7646365;;B;2.000;;1151105;BRRA01;14153332;1;2000;TMP;TMP;03647;
583;5;130;DXKDFFK45100;KOLANO DWUKOŁNIERZOWE FFK 45° DN100;905FFK45100;;B;2.000;;1160226;DODZ01;14182030;1;51000;SH2;SHA;03630;
584;5;130;DXZFFR100050;ZWĘŻKA FFR 100x50;911FFR100050;;B;1.000;;1160226;DODZ01;14182030;1;56000;SH2;SHA;03630;
585;5;130;*DRCE;PÓŁKA CERAMICZNA DURAPLUS 59x14,5 BIAŁY;;W-GL.;;1.000;;1161025;DUHO01;14233662;1;1000;GR4;GR4;03332;
586;5;130;CN33K3001800;GRZEJNIK COSMO 33K 300x1800 (2810W);F1E3303018010000;PŁYTOWY;B;1.000;;1160805;VNWA01;14224822;1;35000;STE;SCE;03675;
587;5;130;ELGD09RN;KLIMATYZATOR LG DELUXE .J.W+J.Z;ELGD09RN;D09RN.NSJ+D09RN.UL2 QCH.2.5 /QGRZ. 3.2KW;B;1.000;;1160727;LGWR01;14205820;1;1000;STA;SCA;03532;
588;5;130;#RCCE6;ZESTAW ŁAZIENKOWY DEBBA UNIK COMPACTO;;Z 2 SZUFL. WENGE TEKSTURA  60CM;;1.000;;1140625;ROGW02;14009208;1;84000;TMP;TMP;03534;
589;5;130;#FU1;POŁĄCZENIE KIELICHA RURY KAMIONKOWEJ;KGUSM150K_0020;DN/OD 160 Z USZCZELKĄ;;13.000;;1151130;FUPR01;14144095;1;1000;SH2;SHA;03511;
590;5;130;CPRUA100IC;RURA PEXC/AL/PEXC 16x2.0 100M WIELOW.IZO;100ISO4R16RO;L.6MM CZERWONA  COSMOPEX;B;100.000;;1160630;HEHE01;14215593;1;1000;STC;SCC;03510;
591;5;130;CPRUB50IC;RURA PEXC/AL/PEXC 20x2.0 50M  WIELOW.IZO;50ISO4R20RO;L.6MM CZERWONA  COSMOPEX;B;50.000;;1160630;HEHE01;14215593;1;3000;STC;SCC;03510;
592;5;130;CLASBPE24EU;KOCIOŁ CLAS B PREMIUM EVO 24 EU;3300608;GAZOWY KONDENSACYJNY 2-FUNKCYJNY;B;1.000;;1161213;MTKR01;14267312;1;1000;SXE;SCE;03513;
593;5;130;ORBITPSN;SPŁUCZKA PISUAROWA PNEUMATYCZNA ORBIT;421133;STAL N.(KOMPLETOWAĆ:VARPS920 LUB SC920P);B;2.000;;1161027;MERH01;14253488;1;9000;STC;SCC;03648;
594;5;130;STEELWC2A31SN;PRZYCISK MEPASTEEL 3/6L A31/B31;421397;STAL NIERDZEWNA DO VARIVIT;B;5.000;;1161027;MERH01;14253488;1;13000;STC;SCC;03648;
595;5;130;NOTPI1;PISUAR ALEX DOPŁYW Z TYŁU BIAŁY;66000000;;B;1.000;;1161213;GEWA01;14256343;1;16000;SXB;SCB;03648;
596;5;130;MODOSMAW;DESKA SEDESOWA MODO ANTYBAKTERYJNA;L30112000;WOLNOOPADAJĄCA BIAŁA;B;1.000;;1161202;GEWA01;14266531;1;6000;STX;STX;03681;
597;5;130;EGOMWLAR;MISKA WISZĄCA EGO LEJOWA BIAŁA RIMFREE;K13122000;;B;1.000;;1161202;GEWA01;14266531;1;9000;STX;STX;03681;
598;5;130;EGOSMWA;DESKA SEDESOWA EGO WOLNOOPADAJĄCA A/C;K10112000;DUROPLAST ZAWIAS STAL;B;1.000;;1161202;GEWA01;14266531;1;10000;STX;STX;03681;
599;5;130;EGOBWA;BIDET WISZĄCY EGO Z/O Z/P BIAŁY;K15100000;;B;1.000;;1161202;GEWA01;14266531;1;11000;STX;STX;03681;
600;5;130;EGOUM65A;UMYWALKA EGO BY A.CITTERIO 65x54,4 Z/O;K11165000;Z/P BIAŁA;B;1.000;;1161202;GEWA01;14266531;1;13000;STX;STX;03681;
601;5;130;#ISCV;SEVA UMYWALKA WPUSZCZANA W BLAT 52X44;W508901;CENNIK 18.01.2016;;53.000;;1161114;IDWR01;14247038;1;1000;STC;SCC;03510;
602;5;130;GRJP5;POMPA JET JP 5 230V G1;46711002;.;L;25.000;;1161125;GRPR01;14262781;1;1000;STB;SCB;03740;
603;5;130;UCORS20B;RURA SMART UFH  20x2.0 480M PERT;1086578;RHC DO OGRZEWANIA PODŁOGOWEGO;B;480.000;;1161213;UPSO01;14244640;1;1000;STA;SCA;03826;
604;5;130;OPTIMADSW;DESKA SEDESOWA OPTIMA BIAŁA TWARDA;K90116000;ZAW. METALOWE WOLNOOPADAJĄCA CLICK2CLEAN;B;1.000;;1161021;GEWA01;14252211;1;1000;STB;SCB;03737;
605;5;130;NOVAPIZTSF;ZESTAW PISUAR FELIX Z TERMICZNYM;29009000;SYSTEMEM SPŁUKIWANIA 230V;B;1.000;;1161125;GEWA01;14262759;1;18000;STC;SCC;03648;
606;5;130;AQAZNPK;PRZYŁĄCZE KĄTOWE WĘŻA A-QA DN15;655400500;CHROM;B;1.000;;1160610;KLOP01;14209713;1;8000;SXB;SCB;03648;
607;5;130;NEXOPP;PISUAR NEXO DOPŁYW Z TYŁU Z POKRYWĄ;A35364K000;WOLNOOPADAJĄCĄ BIAŁY;B;5.000;;1161213;ZWGL01;14244688;1;1000;STE;SCE;03513;
608;5;130;GEPEKO90160;KOLANO HDPE 90° 160;369088161;;B;18.000;;1161011;GEWA01;14247268;1;2000;SH2;SHA;03630;
609;5;130;GEPEZAK110K;ZAŚLEPKA KOMPLETNA HDPE 110MM;367471161;;B;5.000;;1161011;GEWA01;14247268;1;4000;SH2;SHA;03630;
610;5;130;AWAZD25;ZŁĄCZKA DWUKIELICHOWA AWADUKT PP DN250;12478611002;.;B;2.000;;1161103;REPR02;14255112;1;7000;SXB;SCB;03737;
611;5;130;CN22KVL500520;GRZEJNIK COSMO 22KV 500x 520  (802W);F1G2205005210010;PŁYTOWY LEWY;B;1.000;;1161216;VNWA01;14273125;1;17000;STB;SCB;03740;
612;5;130;TA52151214;ZAWÓR REGULACYJNY STAD DN 15 GW ODW.1/2";52151214;PODPIONOWY Z NASTAWĄ WSTĘPNĄ;B;73.000;;1161107;IMOL01;14259653;1;1000;STB;SCB;03740;
613;5;130;#QQG;ROZDZIELACZ OKRĄGŁY DN80 6BAR;;2*1.1/4"+2*2"+2*2.1/2";;2.000;;1160606;SIMI01;14204777;1;1000;STA;SCA;03826;
614;5;130;#QQG;ROZDZIELACZ OKRĄGŁY DN50 6BAR;;2*3/4"+2*1.1/4"+2*1.1/2";;2.000;;1160606;SIMI01;14204777;1;2000;STA;SCA;03826;
615;5;130;#QQG;KONSOLA ŚCIENNA 220MM;;UWAGA-KALK.OD C.ZAKUPU;;8.000;;1160606;SIMI01;14204777;1;3000;STA;SCA;03826;
616;5;130;TRAFFICSU120BP;! SZAFKA PODUMYWALKOWA TRAFFIC 116x62x45;89439000;BIAŁY POŁYSK (DO UM. TRAFFIC 120 CM);B;1.000;;1161202;GEWA01;14267238;1;1000;SXE;SCE;03513;
617;5;130;TRAFFICUM120;! UMYWALKA TRAFFIC 120x48 MEBLOWA Z/O;L91120000;Z/P BIAŁA;B;1.000;;1161202;GEWA01;14267238;1;2000;SXE;SCE;03513;
618;5;130;DDSAD212;CZUJNIK CWU AD212;100000030;;B;1.000;;1160923;DDWR01;14241592;1;6000;STE;SCE;03675;
619;5;130;DDSAD199;CZUJNIK DLA OBIEGU Z MIESZACZEM AD 199;88017017;;B;1.000;;1160923;DDWR01;14241592;1;7000;STE;SCE;03675;
620;5;130;DDOAD249;PŁYTKA+CZUJNIK DLA ZAWORU MIESZ AD249;100013304;;B;1.000;;1160923;DDWR01;14241592;1;8000;STE;SCE;03675;
621;5;130;DDOAD254;CZUJNIK POKOJOWY - CDI D AD285;100018924;;B;1.000;;1160923;DDWR01;14241592;1;9000;STE;SCE;03675;
622;5;130;DDOHC33;NEUTRALIZATOR SKROPLIN HC 33;85317023;;B;1.000;;1160923;DDWR01;14241592;1;20000;STE;SCE;03675;
623;5;130;#LECE1;LUSTRO 780X780 KARTELL SREBRNE;H3863310860001;CENNIK 01.05.2015;;1.000;;1141008;ZWGL01;14038801;1;4000;TMP;TMP;03744;
624;5;130;CIL620COLIBRI;!ZLEWOZMYWAK COLIBRI CIL620 780x43,5 MM;1010294268;WBUDOWYWANY  LEN  2 KOMORY;B;1.000;;1160615;FRRA01;14211072;1;2000;SXB;SCB;03332;
625;5;130;GEPEKM110;KOMPENSACJA HDPE 110;367700161;.;B;4.000;;1161026;GEWA01;14251724;1;1000;STA;SCA;03826;
626;5;130;GEPEKL77001;KOŁNIERZ WPUSTU DACH.EPDM-RESISTIT;359577001;WODOODPORNY;B;6.000;;1161026;GEWA01;14251724;1;2000;STA;SCA;03826;
627;5;130;GEPEWD013;WPUST DACHOWY 100 PE DAF;359013001;.;B;6.000;;1161026;GEWA01;14251724;1;6000;STA;SCA;03826;
628;5;130;WADPD200;PŁYTA DACHOWA SPU 200;102200000;WADEX;B;2.000;;1151217;WAWR01;14159579;1;1000;STA;SCA;03826;
629;5;130;WADRE130160;REDUKCJA SPALINOWA SPU 130/160  N/K;125130160;WADEX;B;2.000;;1151217;WAWR01;14159579;1;3000;STA;SCA;03826;
630;5;130;ZNAWSTB1125;ANEMOSTAT WYWIEWNY STB-1-125 DN125;705512521;DO TVA;B;6.000;;1161116;ZEWR01;14257376;1;300;STE;SCE;00001;
631;5;130;CONELO25022;CONEL OTULINA 25x 22 1/2"  SZARA 2M;IPTCCC250220;;B;140.000;;1140723;NMZA01;14029426;1;3000;STA;SCA;03826;
632;5;130;CONELO30028;CONEL OTULINA 30x 28 3/4"  SZARA 2M;IPTCCC300280;;B;8.000;;1140723;NMZA01;14029426;1;4000;STA;SCA;03826;
633;5;130;SPLITWA17090P;WANNA ASYMETRYCZNA SPLIT 170x90 PRAWA;XWA1670000;BIAŁA. Z NOGAMI;B;1.000;;1161202;GEWA01;14266531;1;15000;STX;STX;03681;
634;5;130;SPLITOW170P;OBUDOWA WANNY SPLIT 170 PRAWA;PWA1670000;BIAŁA FRONTOWA;B;1.000;;1161202;GEWA01;14266531;1;17000;STX;STX;03681;
635;5;130;SPLITOW170B;OBUDOWA WANNY SPLIT 170 BOCZNA;PWA1672000;BIAŁA;B;1.000;;1161202;GEWA01;14266531;1;18000;STX;STX;03681;
636;5;130;ULTPSP3ASPC;PARAWAN SPLIT 3-ELEMENTY PRAWY SREBRNY;GPNA12222003R;POŁYSK/SZKŁO CZYSTE DO ASYMETRII;B;1.000;;1161202;GEWA01;14266531;1;19000;STX;STX;03681;
637;5;130;*HUKN;1002 4-KĄT DRZWI SUW 100;;H=1900 CHROM ELOXASZKŁO;;1.000;;1090302;HUPO01;4782005;1;1000;TMP;TMP;03648;
638;5;130;#DKKN1;KABINA PRINCESS 4000 5-KĄTNA PROFIL;6PFL10711950SHLA10;SREBRNY MAT SZKŁO CZYSTE;;1.000;;1090909;DUBR01;5580864;1;1000;TMP;TMP;03332;
639;5;130;#HUKN;DRZWI SKRZYDŁOWE ZE STAŁYM SEGMENTEM;9P0606092321;REFRESH 900MM SZKŁO CZYSTE PROFIL CHROM;;1.000;;1120112;HUPO01;9532701;1;3000;TMP;TMP;03332;
640;5;130;DCODEMW1;MISKA WISZĄCA D-CODE BIAŁA LEJOWA;25350900002;.;L;5.000;;1160607;DUHO01;14207334;1;1000;STE;SCE;03513;
641;5;130;DCODES;DESKA SEDESOWA D-CODE ZAWIASY STALOWE;0067310000;BIAŁA;B;3.000;;1160607;DUHO01;14207334;1;2000;STE;SCE;03513;
642;5;130;#LECE1;TABORET 330X280X465 KARTELL SZARY DYM.;H3893300850001;CENNIK 01.05.2015;;1.000;;1140826;ZWGL01;14038801;1;1000;TMP;TMP;03744;
643;5;130;WAS200;ZESTAW WAS 200 MM PRZYŁĄCZENIOWY, DOPROW;971881;ADZENIA POWIETRZA PRZEZ ŚCIANĘ DO SGB;B;1.000;;1141003;BRRA01;14045318;1;1000;STE;SCE;03513;
644;5;130;PARVAMK02;MISKA KOMPAKTOWA PARVA ODPŁYW POZIOMY;K27002;Z DOLNOPŁUKIEM 3/6L Z DESKĄ WOLNOOP.;B;1.000;;1151008;CEKI01;14139940;1;1000;STC;SCC;03648;
645;5;130;AMSTCAU09HRFJW;JEDNOSTKA ŚCIENNA MULTI MSTCAU-09HRFN1;MSTCAU09HRFJW;QCHŁ.2.8KW/QGRZ.2.9KW;B;1.000;;1151014;AIWA01;14142530;1;1000;STC;SCC;03750;
646;5;130;#FGXX;GROHE WYLEWKA DO BATERII  150MM;;CENNIK 2016 (01.01.2016);;5.000;;1160516;GRHE01;14186978;1;3000;STB;SCB;03648;
647;5;130;REHNZRM1;NARZĘDZIE RAUTOOL M1 RĘCZNE16-40 REHAU;11377641005;.;B;1.000;;1161212;REPR02;14269030;1;1000;STE;SCE;03513;
648;5;130;REHNGMM16;ZESTAW GŁOWIC WIDŁOWYCH M116/20 REHAU;11377441001;.;B;1.000;;1161212;REPR02;14269030;1;2000;STE;SCE;03513;
649;5;130;REHNGMM25;ZESTAW GŁOWIC WIDŁOWYCH M125/32 REHAU;11373641001;.;B;1.000;;1161212;REPR02;14269030;1;3000;STE;SCE;03513;
650;5;130;#REHN;GŁOWICA KIELICHUJĄCA FI 16;12092241001;;;1.000;;1161212;REPR02;14269030;1;4000;STE;SCE;03513;
651;5;130;#REHN;GŁOWICA KIELICHUJĄCA FI 20;12092251001;;;1.000;;1161212;REPR02;14269030;1;5000;STE;SCE;03513;
652;5;130;#REHN;GŁOWICA KIELICHUJĄCA FI 25;12092261001;;;1.000;;1161212;REPR02;14269030;1;6000;STE;SCE;03513;
653;5;130;#DI01;PAKIET PREMIUM SI7TE: POMPA,PODGRZEWACZ;DI01;WWSP229E,ROZDZIELACZ,3 POMPY,GRZAŁKA;;2.000;;1160921;DIPO01;14240426;1;1000;STC;SCC;03510;
654;5;130;#DKKN1;ŚCIANKA BOCZNA DO PRINCESS 4000 5-KĄT;ELO292A10SIL1950;269MM X 1950MM;;1.000;;1110224;DUBR01;7987376;1;1000;TMP;TMP;03719;
655;5;130;ZNREAIR70;JEDNOSTKA REKUPERACYJNA COMFOAIR 70;527005560;;B;1.000;;1150720;ZEWR01;14119282;1;1000;GR4;GR4;03748;
656;5;130;#DAI;KLIMATYZATOR FTXB35C/RXB35C;X;MULTI,PACK,VAM CENNIK 2014;;1.000;;1151203;DAWA01;14161792;1;1000;SXE;SCE;03513;
657;5;130;ZNSKRO516;SKRZYNKA ROZDZIELCZA 51/6 6 WYJŚĆ;990322030;COMFOUBE FLAT 51;B;3.000;;1160928;ZEWR01;14232806;1;100;STE;SCE;00001;
658;5;130;DH300A065;ZAWÓR PRIORYTETU DH300 DN 65 PN16;DH30065A;KOŁNIERZOWY;B;1.000;;1161213;HOWA01;14267900;1;10000;STE;SCE;03513;
659;5;130;*DA28VA;ZAWÓR RÓWNOWAŻĄCY ASV-PV 65;;;;2.000;;1161215;DACH10;14271378;1;1000;STB;SCB;03737;
660;5;130;*DA28VA;ZAWÓR ODCINAJĄCY ASV-M 50;;;;2.000;;1161215;DACH10;14271378;1;2000;STB;SCB;03737;
661;5;130;CNHDVL51120;GRZEJNIK COSMO 20V 500x1120 (1000W);F1G2005011200010;PŁYTOWY HIGIENICZNY LEWY;B;1.000;;1141009;VNWA01;14043906;1;26000;SXE;SCE;03513;
662;5;130;*ZKKCZ1L;NIVEN FKDF:USZCZELKA DRZWIOWA PRAWA (90);;;;1.000;;1150828;SKKO02;14125994;1;2000;STB;SCB;03679;
663;5;130;*ZKKCZ1L;NIVEN FDSF:PROFIL PVC NA LISTWĘ;;MAGNETYCZNĄ;;1.000;;1150831;SKKO02;14125994;1;4000;STB;SCB;03679;
664;5;130;#VOCE;SUBWAY DESKA SEDESOWA SLIMSEAT;9M65S101;WOLNOOPADAJĄCA I Z ŁATWYM WYPINANIEM;;2.000;;1151117;VBME01;14153696;1;2000;SXC;SCC;03648;
665;5;130;GFKPP05063;KOŁNIERZ PP Z WKŁADKĄ STALOWĄ D63 DN50;727700211;PN16;B;1.000;;1160226;FSWA01;14182030;1;62000;SH2;SHA;03630;
666;5;130;GFKD0639011;KOLANO 90° DŁUGIE DN63  PE100 SDR11;753101011;.;B;6.000;;1160302;FSWA01;14182030;1;75000;SH2;SHA;03630;
667;5;130;UCP3RO102;ROZDZIELACZ 1" 2-OBW  Z NYPLAMI MOSIĄDZ;9994022;MP3;B;1.000;;1160505;UPSO01;14200659;1;2000;SXB;SCB;03737;
668;5;130;ADVANTIXVAR70;RYNNA ODPŁYWOWA PROSTA ADVANTIX H70;721671;VARIO 300-1200MM POD WYPEŁNIENIE;B;1.000;;1160805;VIWA01;14223236;1;1000;SXB;SCB;03740;
669;5;130;UPCKT200AE;TRÓJNIK PVC KANALIZACYJNY 200x110/87°ZEW;21360;.;B;10.000;;1160920;MALI01;14240224;1;4000;SH2;SHA;03630;
670;5;130;MODOU50;UMYWALKA MODO 50x40 Z/O Z/P BIAŁA;L31950000;;B;1.000;;1161212;GEWA01;14266531;1;7000;STX;STX;03681;
671;5;130;SUB2U50;UMYWALKA SUBWAY 2.0 50x40 Z/O Z/P BIAŁA;73155001;;B;1.000;;1161216;VBME01;14269126;1;1000;SXE;SCE;03675;
672;5;130;VAIKKZPF;ZESTAW PODŁĄCZENIOWY DO SYSTEMU FASADOWE;0020042748;GO 80/125MM STAL/PP;B;1.000;;1150821;VAWA01;14129049;1;3000;STC;SCC;03748;
673;5;130;VAIKKRPF81;RURA DO SYSTEMU FASADOWEGO 80/125MM 0.5M;0020042755;STAL/PP SKRACALNA;B;1.000;;1150821;VAWA01;14129049;1;5000;STC;SCC;03748;
674;5;130;VAIKKRPF82;RURA DO SYSTEMU FASADOWEGO 80/125MM 1.0M;0020042754;STAL/PP;B;2.000;;1150821;VAWA01;14129049;1;6000;STC;SCC;03748;
675;5;130;VAIKKKL;KOŁNIERZ USZCZELNIAJĄCY DO PRZEPUSTÓW DA;0020042760;CHOWYCH (SYSTEM FASADOWY);B;1.000;;1150821;VAWA01;14129049;1;7000;STC;SCC;03748;
676;5;130;VAIKKUC;UCHWYT ŚCIENNY 50-90MM;0020042751;STAL NIERDZEWNA;B;1.000;;1150821;VAWA01;14129049;1;8000;STC;SCC;03748;
677;5;130;SPKK45160;KOLANO SPALINOWE SPAWANE SPUK 45° 160;309160000;WADEX;B;8.000;;1130813;WAWR01;12577072;1;1000;STE;SCE;03513;
678;5;130;#PLSA;ZŁĄCZKA SIROPLAST K DN100;PLSA;UWAGA-KALK.OD C.ZAKUPU WPISZ KOD;;20.000;;1150402;PLWR01;14094068;1;1000;SH2;SHA;03630;
679;5;130;NBEPPVE30;PODGRZEWACZ ELEKTRYCZNY 30L VIKING;10685;VIKING E30 POJEMNOŚCIOWY;B;1.000;;1151015;NIBI01;14144595;1;1000;STE;SCE;03678;
680;5;130;OVGVLDB;GŁOWICA UNI LD 16-28°C ZŁĄCZE RA BIAŁA;1601475;TERMOSTATYCZNA CIECZOWA  BEZ 0;B;44.000;;1160607;OVST01;14195643;1;1000;STE;SCE;03513;
681;5;130;#IKA;GRUPA POMPOWA GPS Z REGULATOREM;IKAGRUPA;UWAGA-KALK.OD C.ZAKUPU;;1.000;;1161206;SURA01;14269835;1;1000;TMP;TMP;03752;
682;5;130;DIKEACN6;KURTYNA POWIETRZNA AC 6N 3/6 KW;AC6N;ELEKTRYCZNA 230V;B;1.000;;1140313;DIPO01;13618538;1;1000;SXC;SCC;03748;
683;5;130;#ZKCE2;EMANI DESKA WC 57580000;;CENNIK KOLO/KERAMAG 01.04.2016;;1.000;;1140407;SKKO02;14000400;1;1000;SXC;SCC;03748;
684;5;130;AQAZNUN;UCHWYT NATRYSKU ŚCIENNY A-QA;655510500;CHROM;B;2.000;;1160316;KLOP01;14183378;1;10000;STC;SCC;03648;
685;5;130;HOMMAGEPP1R1;PÓŁPOSTUMENT DO UMYWALKI HOMMAGE BIAŁY;723300R1;C.PL.;B;1.000;;1160509;VBME01;14185008;1;6000;SXB;SCB;03648;
686;5;130;RFZGZ3232;ZŁĄCZKA ZACISKANA GZ 32x11/4";06011233;MOSIĄDZ TWEETOP;B;2.000;;1160504;TWSZ01;14200810;1;6000;STC;SCC;03510;
687;5;130;#TRES1;ZESTAW WANNOWY Z PRZYŁĄCZEM PODŁOGOWYM;14219402;SŁUCH. NA OBROT. CHROM;;1.000;;1160525;TRLD01;14207291;1;2000;STC;SCC;03510;
688;5;130;#TRES1;BATERIA WANNOWA CHROM SŁUCH. ANTICAL;132176;WĄŻ W PODWÓJNYM OPLOCIE;;1.000;;1160525;TRLD01;14207291;1;3000;STC;SCC;03510;
689;5;130;AQRM668;BATERIA NATRYSKOWA SAMOZAM. 668;2000065957;B/MIESZ CHROM;B;3.000;;1160608;AQLD02;14210135;1;1000;SXC;SCC;03510;
690;5;130;#FLO00;RURA SPALINY/POWIETRZE PROSTA 1M FI80MM;13168;UWAGA-KALK.OD C.ZAKUPU;;2.000;;1161010;FLGD01;14243878;1;24000;STE;SCE;03675;
691;5;130;PREBU3000BZ;BATERIA UMYWALKOWA CZASOWA Z/MIESZ. 3000;68040;CHROM STOJĄCA;B;6.000;;1161028;EKPL01;14253488;1;3000;STC;SCC;03648;
692;5;130;PZ;PRZEPUSTNICA ZWROTNA PZ DN250;15057;;B;1.000;;1161031;FLGD01;14254855;1;3000;STA;SCA;03821;
693;5;130;#FLO00;PRZEPUSTNICA PZ315;15099;UWAGA-KALK.OD C.ZAKUPU;;1.000;;1161031;FLGD01;14254855;1;4000;STA;SCA;03821;
694;5;130;EH145;ZAWÓR PRZEŁĄCZAJĄCY CO/CWU Z CZUJNIKIEM;100015479;CWU EH145;B;1.000;;1161125;DDWR01;14264662;1;2000;STC;SCC;03510;
695;5;130;EH149;ZESTAW POŁĄCZENIOWY POMPA CIEPŁA-PODGRZE;100015468;WACZ CWU EH149;B;1.000;;1161125;DDWR01;14264662;1;3000;STC;SCC;03510;
696;5;130;CROMASNZT16;SYSTEM NATRYSKOWY CROMA 160;27135000;Z TERMOSTATEM RAMIĘ 270MM CHROM;B;1.000;;1161215;HATA01;14267599;1;9000;STX;STX;03681;
697;5;130;AQAZNUN;UCHWYT NATRYSKU ŚCIENNY A-QA;655510500;CHROM;B;1.000;;1161213;KLOP01;14271161;1;2000;STX;STX;03680;
698;5;130;BIOGROE023PR;KOCIOŁ BIO GRO-ECO 23kW PRAWY RECALART;KOTBIOGRO023PR;NA PALIWO STAŁE;B;1.000;;1160817;ZMBZ01;14225715;1;1000;SXC;SCC;03510;
699;5;130;ZKSNUS53;UMYWALKA 53x47CM Z/O B/P;K11053000;STAL NIERDZ. W KPL ODPŁYW Z KORKIEM;B;6.000;;1161028;GEWA01;14253488;1;2000;STC;SCC;03648;
700;5;130;ZKSNPT;PISUAR DOPŁYW Z TYŁU Z SYFONEM I WĘŻEM;K16002000;STAL NIERDZ. W KPL SYFON I WĘŻYK ZASIL.;B;2.000;;1161028;GEWA01;14253488;1;8000;STC;SCC;03648;
